Par,Base_index,Teste_index
1,"[0, 1, 4, 5, 7, 9, 10, 11, 12, 13, 17, 18, 20, 21, 22, 23, 25, 26, 27, 28, 29, 31, 32, 33, 35, 37, 38, 41, 42, 43, 44, 45, 46, 47, 48, 49, 50, 51, 52, 53, 54, 55, 57, 58, 59, 60, 61, 62, 63, 65, 66, 67, 68, 69, 70, 73, 74, 75, 76, 77, 80, 81, 82, 85, 86, 87, 88, 89, 90, 91, 93, 94, 95, 97, 98, 100, 102, 103, 104, 106, 107, 108, 111, 112, 113, 114, 116, 117, 118, 120, 122, 125, 126, 127, 128, 129, 130, 131, 132, 134, 135, 136, 137, 138, 139, 140, 142, 143, 144, 145, 146, 147, 149]","[2, 3, 6, 8, 14, 15, 16, 19, 24, 30, 34, 36, 39, 40, 56, 64, 71, 72, 78, 79, 83, 84, 92, 96, 99, 101, 105, 109, 110, 115, 119, 121, 123, 124, 133, 141, 148]"
2,"[0, 1, 2, 3, 4, 5, 8, 9, 10, 11, 12, 14, 15, 16, 18, 20, 21, 22, 23, 24, 25, 26, 27, 28, 30, 32, 33, 34, 35, 36, 37, 39, 41, 42, 43, 44, 45, 46, 49, 50, 51, 52, 53, 54, 55, 56, 57, 58, 59, 62, 63, 64, 65, 66, 68, 69, 71, 72, 73, 74, 76, 77, 78, 79, 80, 82, 83, 84, 85, 86, 87, 89, 91, 94, 95, 96, 98, 99, 100, 102, 104, 105, 106, 109, 110, 111, 112, 114, 117, 118, 121, 122, 123, 124, 125, 126, 127, 128, 129, 130, 131, 132, 133, 134, 137, 138, 140, 143, 144, 146, 147, 148, 149]","[6, 7, 13, 17, 19, 29, 31, 38, 40, 47, 48, 60, 61, 67, 70, 75, 81, 88, 90, 92, 93, 97, 101, 103, 107, 108, 113, 115, 116, 119, 120, 135, 136, 139, 141, 142, 145]"
3,"[2, 5, 6, 7, 8, 9, 11, 12, 13, 14, 15, 16, 17, 19, 20, 21, 22, 24, 25, 26, 27, 28, 30, 32, 34, 36, 37, 38, 39, 40, 41, 44, 45, 46, 47, 48, 49, 50, 51, 52, 53, 55, 56, 57, 59, 60, 61, 63, 64, 65, 66, 67, 68, 70, 71, 73, 74, 75, 76, 78, 79, 82, 84, 85, 87, 89, 90, 91, 92, 93, 95, 96, 97, 98, 99, 100, 101, 103, 104, 105, 106, 107, 108, 109, 110, 111, 113, 116, 117, 118, 119, 120, 121, 123, 125, 127, 129, 130, 132, 133, 136, 138, 139, 140, 141, 142, 143, 144, 145, 146, 147, 148, 149]","[0, 1, 3, 4, 10, 18, 23, 29, 31, 33, 35, 42, 43, 54, 58, 62, 69, 72, 77, 80, 81, 83, 86, 88, 94, 102, 112, 114, 115, 122, 124, 126, 128, 131, 134, 135, 137]"
4,"[1, 2, 3, 4, 6, 7, 8, 9, 10, 11, 12, 13, 14, 15, 16, 17, 18, 19, 20, 21, 30, 31, 33, 35, 36, 38, 41, 44, 45, 46, 47, 48, 49, 53, 54, 55, 56, 57, 58, 59, 60, 61, 62, 63, 64, 65, 66, 67, 68, 69, 70, 71, 73, 74, 75, 77, 79, 80, 81, 82, 83, 84, 86, 90, 91, 94, 95, 96, 97, 99, 100, 101, 102, 103, 104, 105, 106, 108, 110, 111, 112, 114, 115, 116, 117, 118, 119, 120, 121, 122, 124, 125, 126, 127, 129, 130, 131, 132, 133, 134, 135, 136, 137, 138, 139, 140, 141, 142, 143, 144, 145, 146, 147]","[0, 5, 22, 23, 24, 25, 26, 27, 28, 29, 32, 34, 37, 39, 40, 42, 43, 50, 51, 52, 72, 76, 78, 85, 87, 88, 89, 92, 93, 98, 107, 109, 113, 123, 128, 148, 149]"
5,"[0, 1, 2, 3, 5, 6, 7, 8, 9, 10, 11, 12, 13, 14, 15, 16, 17, 18, 19, 20, 21, 22, 23, 24, 25, 26, 27, 28, 31, 32, 34, 35, 36, 39, 40, 42, 43, 44, 47, 48, 49, 50, 51, 53, 55, 56, 57, 58, 60, 61, 64, 66, 67, 68, 71, 72, 75, 76, 78, 79, 80, 81, 83, 85, 86, 87, 88, 89, 90, 92, 93, 94, 96, 98, 99, 100, 101, 102, 103, 104, 106, 107, 108, 111, 112, 114, 116, 117, 118, 119, 120, 121, 122, 124, 125, 126, 127, 128, 129, 131, 132, 133, 135, 137, 138, 139, 141, 142, 143, 145, 146, 147, 148]","[4, 29, 30, 33, 37, 38, 41, 45, 46, 52, 54, 59, 62, 63, 65, 69, 70, 73, 74, 77, 82, 84, 91, 95, 97, 105, 109, 110, 113, 115, 123, 130, 134, 136, 140, 144, 149]"
6,"[0, 3, 4, 7, 8, 9, 10, 11, 12, 13, 14, 15, 16, 17, 19, 20, 21, 22, 23, 24, 25, 26, 27, 28, 29, 30, 31, 32, 33, 38, 39, 41, 43, 44, 45, 46, 48, 49, 50, 51, 52, 53, 54, 55, 56, 57, 59, 61, 62, 63, 64, 65, 67, 69, 70, 71, 72, 76, 78, 79, 80, 82, 83, 84, 85, 86, 87, 89, 90, 91, 92, 94, 95, 96, 97, 98, 102, 103, 104, 105, 107, 110, 112, 113, 114, 116, 119, 120, 121, 122, 123, 124, 125, 126, 127, 128, 129, 130, 131, 132, 134, 135, 136, 137, 138, 139, 142, 143, 145, 146, 147, 148, 149]","[1, 2, 5, 6, 18, 34, 35, 36, 37, 40, 42, 47, 58, 60, 66, 68, 73, 74, 75, 77, 81, 88, 93, 99, 100, 101, 106, 108, 109, 111, 115, 117, 118, 133, 140, 141, 144]"
7,"[0, 1, 2, 4, 9, 10, 11, 12, 13, 14, 15, 16, 18, 19, 20, 21, 24, 25, 26, 27, 28, 29, 31, 32, 33, 34, 36, 37, 38, 39, 40, 42, 43, 44, 45, 46, 47, 48, 49, 52, 54, 55, 56, 57, 58, 59, 60, 62, 63, 64, 65, 67, 68, 69, 70, 71, 72, 73, 76, 78, 79, 80, 81, 82, 84, 85, 86, 87, 89, 90, 91, 93, 94, 96, 97, 98, 99, 100, 101, 102, 103, 104, 105, 106, 108, 109, 110, 111, 113, 114, 115, 117, 119, 120, 125, 126, 127, 129, 130, 131, 134, 135, 137, 138, 139, 140, 141, 143, 144, 145, 146, 147, 149]","[3, 5, 6, 7, 8, 17, 22, 23, 30, 35, 41, 50, 51, 53, 61, 66, 74, 75, 77, 83, 88, 92, 95, 107, 112, 116, 118, 121, 122, 123, 124, 128, 132, 133, 136, 142, 148]"
8,"[2, 3, 4, 6, 7, 9, 10, 11, 12, 14, 15, 16, 19, 20, 22, 23, 24, 25, 26, 27, 28, 31, 33, 35, 38, 39, 40, 41, 42, 43, 44, 45, 48, 49, 50, 52, 53, 54, 55, 58, 59, 60, 61, 62, 63, 64, 65, 66, 67, 68, 69, 70, 71, 72, 73, 74, 75, 77, 78, 79, 80, 81, 82, 84, 85, 86, 87, 88, 90, 92, 94, 95, 96, 97, 100, 101, 102, 103, 105, 106, 107, 108, 111, 114, 115, 116, 117, 118, 119, 120, 121, 122, 123, 125, 126, 128, 129, 131, 132, 133, 134, 135, 136, 137, 138, 139, 141, 142, 143, 145, 146, 148, 149]","[0, 1, 5, 8, 13, 17, 18, 21, 29, 30, 32, 34, 36, 37, 46, 47, 51, 56, 57, 76, 83, 89, 91, 93, 98, 99, 104, 109, 110, 112, 113, 124, 127, 130, 140, 144, 147]"
9,"[2, 4, 7, 8, 9, 11, 15, 17, 18, 19, 20, 21, 22, 23, 24, 25, 26, 27, 28, 29, 30, 31, 32, 33, 34, 35, 37, 38, 42, 43, 44, 45, 47, 49, 50, 51, 52, 53, 54, 55, 56, 57, 59, 60, 62, 63, 64, 65, 67, 70, 71, 72, 74, 76, 77, 78, 80, 82, 83, 84, 85, 86, 87, 88, 89, 90, 91, 92, 93, 94, 95, 96, 97, 98, 99, 100, 101, 102, 103, 104, 106, 107, 108, 110, 112, 113, 114, 115, 117, 119, 122, 123, 124, 125, 126, 128, 129, 131, 132, 134, 135, 136, 137, 138, 139, 140, 141, 142, 145, 146, 147, 148, 149]","[0, 1, 3, 5, 6, 10, 12, 13, 14, 16, 36, 39, 40, 41, 46, 48, 58, 61, 66, 68, 69, 73, 75, 79, 81, 105, 109, 111, 116, 118, 120, 121, 127, 130, 133, 143, 144]"
10,"[0, 1, 2, 3, 6, 7, 9, 10, 11, 12, 13, 14, 15, 17, 18, 19, 20, 22, 24, 25, 26, 27, 29, 30, 31, 32, 34, 35, 36, 37, 38, 40, 41, 42, 43, 44, 45, 46, 47, 48, 49, 51, 52, 53, 54, 57, 58, 59, 61, 62, 63, 64, 65, 67, 68, 70, 72, 73, 76, 77, 78, 79, 80, 81, 82, 83, 85, 86, 87, 88, 90, 92, 93, 95, 98, 99, 100, 101, 102, 103, 104, 105, 106, 107, 110, 111, 112, 115, 116, 117, 118, 119, 121, 122, 123, 126, 127, 128, 129, 131, 132, 134, 137, 138, 139, 140, 141, 142, 143, 145, 147, 148, 149]","[4, 5, 8, 16, 21, 23, 28, 33, 39, 50, 55, 56, 60, 66, 69, 71, 74, 75, 84, 89, 91, 94, 96, 97, 108, 109, 113, 114, 120, 124, 125, 130, 133, 135, 136, 144, 146]"
11,"[0, 1, 2, 3, 4, 8, 9, 12, 13, 14, 16, 17, 21, 22, 23, 25, 27, 28, 29, 30, 31, 32, 33, 34, 35, 36, 37, 38, 39, 40, 41, 42, 44, 47, 49, 50, 52, 53, 54, 55, 57, 58, 59, 61, 62, 63, 64, 65, 67, 68, 70, 71, 73, 74, 75, 76, 77, 79, 80, 82, 84, 85, 86, 87, 88, 89, 90, 91, 93, 94, 95, 97, 98, 99, 100, 101, 102, 103, 104, 105, 107, 108, 109, 110, 111, 113, 114, 116, 117, 120, 121, 122, 123, 124, 125, 126, 127, 128, 129, 130, 131, 132, 133, 134, 135, 137, 138, 139, 142, 143, 144, 147, 148]","[5, 6, 7, 10, 11, 15, 18, 19, 20, 24, 26, 43, 45, 46, 48, 51, 56, 60, 66, 69, 72, 78, 81, 83, 92, 96, 106, 112, 115, 118, 119, 136, 140, 141, 145, 146, 149]"
12,"[0, 1, 2, 3, 4, 5, 7, 8, 9, 10, 11, 12, 13, 14, 16, 17, 18, 20, 21, 24, 25, 26, 27, 28, 29, 31, 33, 34, 36, 37, 38, 39, 41, 43, 44, 45, 46, 47, 48, 49, 50, 52, 53, 54, 55, 56, 57, 59, 60, 61, 62, 63, 64, 65, 66, 67, 69, 70, 71, 72, 73, 74, 77, 78, 80, 81, 82, 83, 84, 85, 88, 89, 90, 91, 93, 94, 95, 96, 100, 101, 102, 103, 104, 105, 106, 108, 109, 110, 111, 113, 114, 115, 118, 119, 120, 121, 122, 125, 128, 130, 132, 133, 135, 136, 137, 142, 143, 144, 145, 146, 147, 148, 149]","[6, 15, 19, 22, 23, 30, 32, 35, 40, 42, 51, 58, 68, 75, 76, 79, 86, 87, 92, 97, 98, 99, 107, 112, 116, 117, 123, 124, 126, 127, 129, 131, 134, 138, 139, 140, 141]"
13,"[0, 1, 3, 4, 5, 6, 8, 9, 11, 12, 13, 14, 18, 19, 20, 21, 22, 23, 24, 25, 26, 28, 29, 30, 31, 33, 34, 35, 36, 37, 39, 40, 41, 42, 45, 47, 48, 49, 50, 54, 55, 56, 58, 61, 62, 63, 65, 66, 67, 68, 69, 70, 71, 74, 75, 76, 77, 78, 79, 80, 81, 84, 87, 88, 90, 92, 93, 94, 95, 96, 97, 98, 100, 101, 102, 107, 108, 109, 110, 112, 113, 114, 115, 117, 118, 119, 120, 121, 122, 123, 124, 125, 127, 128, 129, 130, 131, 132, 133, 134, 135, 137, 138, 139, 140, 141, 143, 144, 145, 146, 147, 148, 149]","[2, 7, 10, 15, 16, 17, 27, 32, 38, 43, 44, 46, 51, 52, 53, 57, 59, 60, 64, 72, 73, 82, 83, 85, 86, 89, 91, 99, 103, 104, 105, 106, 111, 116, 126, 136, 142]"
14,"[1, 2, 3, 4, 5, 6, 7, 8, 9, 10, 11, 12, 15, 16, 17, 18, 21, 22, 23, 24, 25, 26, 27, 28, 29, 30, 31, 32, 34, 35, 36, 37, 38, 40, 42, 43, 47, 48, 50, 51, 52, 53, 54, 55, 56, 58, 59, 60, 61, 62, 63, 64, 67, 68, 69, 70, 72, 74, 75, 76, 77, 78, 79, 80, 81, 83, 85, 87, 88, 89, 90, 91, 92, 93, 94, 95, 97, 98, 100, 102, 104, 106, 107, 108, 109, 111, 112, 113, 114, 115, 116, 117, 119, 120, 124, 125, 126, 127, 128, 129, 131, 132, 133, 135, 136, 138, 139, 140, 141, 143, 145, 146, 147]","[0, 13, 14, 19, 20, 33, 39, 41, 44, 45, 46, 49, 57, 65, 66, 71, 73, 82, 84, 86, 96, 99, 101, 103, 105, 110, 118, 121, 122, 123, 130, 134, 137, 142, 144, 148, 149]"
15,"[0, 2, 3, 4, 5, 6, 8, 9, 10, 11, 12, 13, 14, 15, 16, 18, 19, 21, 22, 23, 24, 25, 26, 27, 31, 32, 34, 36, 37, 38, 39, 41, 43, 44, 45, 46, 47, 48, 49, 50, 52, 53, 54, 55, 59, 60, 61, 62, 63, 65, 66, 67, 68, 70, 71, 72, 76, 78, 79, 80, 82, 83, 84, 86, 87, 88, 89, 90, 92, 93, 96, 97, 102, 103, 104, 105, 106, 107, 109, 110, 111, 112, 113, 114, 115, 116, 118, 119, 120, 121, 122, 123, 124, 125, 126, 127, 128, 130, 131, 132, 133, 134, 136, 137, 139, 140, 141, 142, 143, 144, 145, 146, 148]","[1, 7, 17, 20, 28, 29, 30, 33, 35, 40, 42, 51, 56, 57, 58, 64, 69, 73, 74, 75, 77, 81, 85, 91, 94, 95, 98, 99, 100, 101, 108, 117, 129, 135, 138, 147, 149]"
16,"[0, 1, 2, 4, 5, 7, 8, 10, 11, 13, 15, 16, 17, 18, 19, 21, 22, 23, 24, 26, 27, 29, 30, 31, 32, 33, 34, 36, 37, 38, 39, 40, 43, 44, 45, 46, 48, 49, 50, 52, 54, 55, 58, 59, 60, 61, 62, 64, 65, 66, 67, 68, 69, 71, 74, 76, 77, 78, 79, 81, 82, 85, 87, 88, 89, 90, 91, 92, 94, 96, 97, 98, 99, 100, 102, 105, 107, 108, 109, 110, 111, 112, 114, 115, 116, 117, 118, 119, 120, 121, 122, 123, 124, 125, 126, 127, 128, 130, 131, 133, 134, 135, 136, 137, 138, 139, 141, 142, 143, 145, 146, 147, 149]","[3, 6, 9, 12, 14, 20, 25, 28, 35, 41, 42, 47, 51, 53, 56, 57, 63, 70, 72, 73, 75, 80, 83, 84, 86, 93, 95, 101, 103, 104, 106, 113, 129, 132, 140, 144, 148]"
17,"[0, 1, 3, 5, 6, 7, 9, 12, 13, 15, 17, 18, 20, 21, 23, 24, 26, 27, 28, 29, 30, 31, 33, 34, 36, 38, 39, 40, 42, 43, 45, 46, 47, 48, 49, 51, 52, 53, 54, 57, 58, 60, 61, 62, 63, 64, 65, 66, 67, 68, 70, 72, 73, 74, 75, 76, 78, 79, 80, 81, 82, 83, 84, 85, 87, 88, 89, 90, 91, 92, 93, 94, 96, 98, 99, 100, 101, 102, 103, 105, 107, 108, 109, 110, 112, 114, 115, 116, 117, 118, 119, 120, 123, 125, 126, 128, 129, 131, 132, 133, 135, 136, 137, 138, 139, 141, 142, 143, 144, 145, 146, 147, 149]","[2, 4, 8, 10, 11, 14, 16, 19, 22, 25, 32, 35, 37, 41, 44, 50, 55, 56, 59, 69, 71, 77, 86, 95, 97, 104, 106, 111, 113, 121, 122, 124, 127, 130, 134, 140, 148]"
18,"[0, 2, 3, 5, 7, 8, 9, 11, 12, 13, 16, 17, 18, 21, 22, 23, 24, 25, 26, 28, 29, 30, 31, 32, 33, 34, 35, 36, 37, 38, 39, 40, 41, 42, 43, 46, 47, 48, 49, 50, 51, 52, 53, 54, 55, 57, 58, 60, 61, 62, 63, 64, 66, 68, 70, 71, 74, 75, 76, 77, 78, 80, 81, 82, 83, 85, 86, 87, 89, 90, 91, 92, 93, 94, 99, 100, 101, 102, 103, 104, 105, 108, 109, 112, 113, 114, 116, 117, 120, 123, 124, 125, 126, 127, 128, 129, 130, 131, 132, 133, 134, 135, 137, 138, 139, 142, 143, 144, 145, 146, 147, 148, 149]","[1, 4, 6, 10, 14, 15, 19, 20, 27, 44, 45, 56, 59, 65, 67, 69, 72, 73, 79, 84, 88, 95, 96, 97, 98, 106, 107, 110, 111, 115, 118, 119, 121, 122, 136, 140, 141]"
19,"[1, 2, 3, 4, 5, 6, 8, 9, 10, 12, 14, 17, 18, 19, 20, 23, 24, 25, 26, 28, 29, 32, 34, 35, 36, 38, 39, 43, 44, 45, 46, 47, 48, 49, 50, 51, 53, 54, 55, 57, 58, 60, 61, 62, 63, 65, 66, 67, 68, 69, 70, 71, 73, 74, 75, 76, 77, 78, 80, 81, 82, 85, 86, 87, 88, 89, 90, 91, 92, 94, 95, 96, 97, 98, 99, 100, 101, 102, 104, 105, 107, 108, 110, 111, 112, 113, 114, 116, 117, 119, 121, 122, 123, 124, 125, 128, 129, 130, 131, 132, 133, 135, 136, 137, 139, 140, 141, 143, 144, 145, 146, 148, 149]","[0, 7, 11, 13, 15, 16, 21, 22, 27, 30, 31, 33, 37, 40, 41, 42, 52, 56, 59, 64, 72, 79, 83, 84, 93, 103, 106, 109, 115, 118, 120, 126, 127, 134, 138, 142, 147]"
20,"[0, 1, 3, 4, 6, 8, 9, 10, 11, 12, 13, 14, 15, 19, 20, 21, 22, 23, 24, 25, 26, 27, 28, 29, 30, 31, 32, 33, 34, 35, 38, 39, 40, 43, 44, 45, 46, 48, 49, 50, 51, 52, 53, 54, 55, 56, 57, 58, 59, 62, 64, 65, 67, 68, 69, 70, 71, 73, 74, 75, 77, 78, 79, 81, 83, 84, 85, 86, 87, 88, 90, 93, 94, 95, 96, 97, 98, 99, 100, 101, 102, 103, 104, 105, 107, 110, 111, 114, 115, 117, 118, 119, 120, 122, 123, 124, 125, 126, 128, 130, 134, 135, 136, 138, 139, 140, 141, 143, 145, 146, 147, 148, 149]","[2, 5, 7, 16, 17, 18, 36, 37, 41, 42, 47, 60, 61, 63, 66, 72, 76, 80, 82, 89, 91, 92, 106, 108, 109, 112, 113, 116, 121, 127, 129, 131, 132, 133, 137, 142, 144]"
21,"[1, 4, 5, 6, 9, 10, 12, 13, 14, 16, 17, 20, 21, 22, 25, 26, 28, 30, 31, 32, 33, 34, 37, 38, 39, 41, 42, 43, 44, 45, 46, 48, 49, 51, 52, 53, 54, 55, 56, 59, 60, 61, 63, 66, 67, 68, 70, 71, 73, 74, 75, 76, 77, 78, 79, 80, 81, 82, 84, 85, 86, 87, 88, 90, 91, 92, 93, 94, 96, 97, 98, 99, 100, 101, 102, 103, 104, 105, 107, 109, 110, 111, 112, 113, 114, 115, 116, 117, 118, 119, 122, 123, 124, 125, 126, 127, 128, 129, 131, 133, 134, 135, 136, 137, 138, 139, 140, 141, 144, 145, 146, 148, 149]","[0, 2, 3, 7, 8, 11, 15, 18, 19, 23, 24, 27, 29, 35, 36, 40, 47, 50, 57, 58, 62, 64, 65, 69, 72, 83, 89, 95, 106, 108, 120, 121, 130, 132, 142, 143, 147]"
22,"[0, 1, 2, 6, 9, 10, 11, 12, 13, 15, 16, 18, 19, 20, 21, 22, 23, 24, 27, 29, 30, 31, 32, 34, 35, 36, 38, 40, 41, 42, 43, 44, 46, 48, 50, 52, 53, 54, 57, 58, 59, 60, 61, 62, 65, 66, 67, 68, 69, 70, 71, 72, 74, 77, 78, 80, 81, 82, 83, 84, 85, 86, 87, 88, 89, 92, 93, 94, 95, 96, 97, 98, 99, 100, 101, 102, 103, 104, 105, 106, 107, 108, 109, 110, 111, 113, 114, 115, 116, 117, 118, 121, 123, 125, 126, 127, 128, 131, 132, 133, 134, 136, 137, 138, 139, 140, 142, 143, 145, 146, 147, 148, 149]","[3, 4, 5, 7, 8, 14, 17, 25, 26, 28, 33, 37, 39, 45, 47, 49, 51, 55, 56, 63, 64, 73, 75, 76, 79, 90, 91, 112, 119, 120, 122, 124, 129, 130, 135, 141, 144]"
23,"[0, 1, 4, 5, 6, 7, 8, 9, 10, 11, 12, 13, 14, 15, 16, 19, 20, 22, 25, 26, 29, 30, 31, 33, 36, 37, 38, 39, 40, 41, 42, 44, 45, 46, 47, 48, 49, 50, 51, 52, 54, 55, 56, 57, 60, 62, 63, 64, 66, 67, 68, 69, 72, 73, 75, 76, 78, 79, 80, 82, 83, 84, 86, 87, 88, 89, 90, 91, 93, 96, 97, 101, 102, 103, 104, 105, 107, 108, 109, 110, 111, 113, 114, 115, 116, 118, 120, 121, 124, 125, 126, 127, 128, 129, 130, 131, 132, 133, 134, 135, 136, 137, 138, 139, 140, 141, 142, 144, 145, 146, 147, 148, 149]","[2, 3, 17, 18, 21, 23, 24, 27, 28, 32, 34, 35, 43, 53, 58, 59, 61, 65, 70, 71, 74, 77, 81, 85, 92, 94, 95, 98, 99, 100, 106, 112, 117, 119, 122, 123, 143]"
24,"[0, 1, 2, 3, 4, 5, 6, 8, 10, 12, 13, 14, 16, 17, 18, 19, 22, 23, 24, 26, 27, 28, 29, 31, 32, 33, 34, 35, 36, 41, 43, 44, 45, 46, 47, 48, 49, 50, 54, 55, 58, 60, 62, 63, 64, 65, 66, 67, 69, 70, 71, 72, 73, 74, 75, 76, 77, 78, 79, 80, 82, 83, 84, 85, 86, 87, 88, 89, 91, 93, 94, 96, 97, 98, 99, 100, 101, 104, 105, 107, 108, 109, 110, 111, 112, 114, 115, 117, 118, 119, 121, 122, 123, 124, 125, 126, 127, 128, 129, 130, 131, 136, 137, 138, 139, 140, 141, 142, 143, 144, 145, 147, 149]","[7, 9, 11, 15, 20, 21, 25, 30, 37, 38, 39, 40, 42, 51, 52, 53, 56, 57, 59, 61, 68, 81, 90, 92, 95, 102, 103, 106, 113, 116, 120, 132, 133, 134, 135, 146, 148]"
25,"[0, 1, 2, 3, 4, 5, 6, 7, 8, 9, 11, 13, 14, 15, 18, 20, 21, 22, 24, 25, 26, 27, 28, 29, 32, 33, 36, 38, 40, 41, 42, 43, 45, 46, 47, 48, 49, 51, 52, 53, 54, 56, 57, 59, 62, 64, 65, 66, 67, 68, 72, 73, 74, 75, 76, 77, 79, 81, 82, 83, 85, 86, 87, 89, 90, 91, 92, 93, 94, 95, 96, 97, 98, 99, 101, 102, 105, 107, 108, 109, 111, 112, 113, 115, 116, 117, 118, 119, 120, 121, 122, 124, 125, 126, 127, 128, 129, 130, 134, 135, 136, 137, 138, 139, 140, 141, 142, 143, 144, 145, 146, 148, 149]","[10, 12, 16, 17, 19, 23, 30, 31, 34, 35, 37, 39, 44, 50, 55, 58, 60, 61, 63, 69, 70, 71, 78, 80, 84, 88, 100, 103, 104, 106, 110, 114, 123, 131, 132, 133, 147]"
26,"[0, 1, 2, 3, 4, 5, 9, 10, 11, 12, 13, 16, 17, 18, 19, 20, 21, 22, 24, 25, 26, 27, 28, 29, 30, 31, 32, 34, 35, 37, 38, 39, 40, 42, 44, 45, 46, 49, 50, 52, 54, 55, 56, 57, 58, 59, 60, 61, 62, 64, 65, 66, 67, 68, 69, 70, 71, 73, 74, 76, 78, 79, 80, 81, 82, 84, 85, 86, 87, 88, 89, 90, 94, 95, 96, 97, 99, 100, 102, 103, 104, 106, 107, 108, 110, 111, 112, 114, 115, 116, 118, 119, 120, 122, 124, 125, 126, 127, 128, 130, 131, 132, 133, 135, 136, 138, 139, 140, 142, 143, 146, 147, 149]","[6, 7, 8, 14, 15, 23, 33, 36, 41, 43, 47, 48, 51, 53, 63, 72, 75, 77, 83, 91, 92, 93, 98, 101, 105, 109, 113, 117, 121, 123, 129, 134, 137, 141, 144, 145, 148]"
27,"[1, 2, 4, 5, 7, 10, 11, 12, 13, 14, 15, 16, 17, 21, 22, 24, 25, 27, 29, 30, 31, 32, 33, 36, 37, 39, 40, 41, 43, 44, 45, 46, 47, 48, 50, 51, 52, 53, 54, 55, 56, 60, 61, 62, 63, 64, 66, 67, 68, 69, 70, 71, 73, 74, 76, 77, 79, 80, 81, 82, 83, 84, 85, 86, 87, 88, 89, 90, 91, 93, 95, 96, 97, 98, 99, 100, 101, 102, 104, 106, 107, 108, 110, 111, 112, 113, 114, 115, 116, 117, 118, 119, 120, 121, 123, 124, 126, 127, 128, 129, 131, 133, 135, 137, 139, 141, 142, 143, 144, 146, 147, 148, 149]","[0, 3, 6, 8, 9, 18, 19, 20, 23, 26, 28, 34, 35, 38, 42, 49, 57, 58, 59, 65, 72, 75, 78, 92, 94, 103, 105, 109, 122, 125, 130, 132, 134, 136, 138, 140, 145]"
28,"[0, 1, 2, 3, 4, 5, 6, 7, 8, 9, 10, 11, 13, 16, 17, 18, 19, 21, 22, 23, 24, 26, 27, 28, 29, 30, 31, 32, 34, 36, 38, 39, 40, 41, 43, 45, 47, 48, 49, 50, 52, 54, 55, 56, 57, 58, 59, 60, 62, 65, 66, 68, 69, 72, 73, 74, 75, 76, 77, 78, 80, 81, 82, 83, 84, 85, 87, 88, 89, 90, 91, 92, 94, 95, 98, 99, 100, 101, 102, 103, 104, 107, 108, 109, 110, 111, 112, 115, 116, 117, 118, 119, 120, 123, 124, 125, 126, 127, 129, 130, 132, 135, 136, 139, 140, 142, 143, 144, 145, 146, 147, 148, 149]","[12, 14, 15, 20, 25, 33, 35, 37, 42, 44, 46, 51, 53, 61, 63, 64, 67, 70, 71, 79, 86, 93, 96, 97, 105, 106, 113, 114, 121, 122, 128, 131, 133, 134, 137, 138, 141]"
29,"[0, 4, 5, 6, 7, 9, 10, 11, 12, 13, 14, 15, 16, 17, 18, 19, 20, 21, 22, 23, 24, 27, 28, 29, 30, 31, 32, 35, 36, 39, 40, 43, 44, 46, 47, 48, 49, 50, 51, 54, 55, 57, 58, 59, 60, 61, 62, 63, 64, 65, 66, 67, 68, 69, 70, 71, 73, 74, 76, 77, 78, 79, 80, 82, 83, 84, 85, 86, 88, 90, 92, 93, 94, 96, 98, 100, 102, 103, 104, 105, 106, 107, 108, 109, 110, 111, 112, 113, 115, 117, 118, 119, 121, 124, 125, 126, 128, 129, 131, 132, 133, 135, 136, 137, 138, 139, 141, 142, 143, 145, 147, 148, 149]","[1, 2, 3, 8, 25, 26, 33, 34, 37, 38, 41, 42, 45, 52, 53, 56, 72, 75, 81, 87, 89, 91, 95, 97, 99, 101, 114, 116, 120, 122, 123, 127, 130, 134, 140, 144, 146]"
30,"[0, 1, 3, 4, 6, 7, 8, 9, 11, 13, 14, 15, 16, 18, 20, 21, 22, 23, 24, 25, 26, 27, 28, 29, 31, 32, 34, 35, 36, 37, 38, 39, 40, 41, 43, 45, 46, 48, 49, 53, 55, 56, 57, 58, 59, 60, 61, 62, 63, 64, 65, 66, 67, 68, 69, 70, 71, 73, 74, 76, 77, 78, 79, 80, 82, 83, 86, 87, 88, 90, 91, 92, 93, 94, 95, 96, 98, 99, 100, 105, 106, 110, 111, 112, 113, 114, 116, 117, 118, 120, 122, 123, 124, 126, 127, 128, 129, 130, 131, 132, 135, 136, 137, 138, 139, 141, 142, 143, 144, 145, 147, 148, 149]","[2, 5, 10, 12, 17, 19, 30, 33, 42, 44, 47, 50, 51, 52, 54, 72, 75, 81, 84, 85, 89, 97, 101, 102, 103, 104, 107, 108, 109, 115, 119, 121, 125, 133, 134, 140, 146]"
31,"[2, 3, 4, 5, 6, 7, 8, 9, 10, 11, 12, 15, 16, 18, 19, 20, 21, 22, 23, 26, 27, 28, 29, 30, 31, 32, 33, 34, 35, 36, 37, 38, 39, 40, 41, 42, 43, 44, 45, 46, 47, 48, 50, 51, 53, 54, 57, 59, 61, 62, 63, 64, 65, 66, 67, 68, 69, 70, 75, 76, 77, 78, 79, 80, 81, 82, 84, 85, 86, 87, 88, 89, 90, 91, 92, 93, 95, 96, 97, 98, 100, 101, 102, 103, 104, 105, 106, 107, 108, 109, 110, 111, 112, 114, 115, 117, 119, 120, 122, 124, 126, 127, 129, 132, 133, 134, 135, 137, 138, 141, 144, 148, 149]","[0, 1, 13, 14, 17, 24, 25, 49, 52, 55, 56, 58, 60, 71, 72, 73, 74, 83, 94, 99, 113, 116, 118, 121, 123, 125, 128, 130, 131, 136, 139, 140, 142, 143, 145, 146, 147]"
32,"[0, 1, 2, 4, 5, 6, 7, 8, 9, 10, 13, 14, 16, 17, 18, 19, 20, 21, 22, 23, 24, 25, 26, 28, 29, 30, 32, 33, 34, 36, 38, 39, 40, 42, 43, 45, 47, 48, 50, 53, 54, 55, 56, 57, 58, 59, 60, 63, 64, 65, 66, 69, 70, 71, 72, 73, 74, 77, 80, 82, 83, 84, 85, 86, 88, 89, 90, 91, 92, 94, 95, 97, 99, 100, 101, 102, 103, 106, 109, 110, 111, 112, 113, 114, 117, 118, 119, 120, 121, 122, 123, 124, 126, 128, 129, 131, 132, 133, 135, 136, 137, 138, 139, 140, 141, 142, 143, 144, 145, 146, 147, 148, 149]","[3, 11, 12, 15, 27, 31, 35, 37, 41, 44, 46, 49, 51, 52, 61, 62, 67, 68, 75, 76, 78, 79, 81, 87, 93, 96, 98, 104, 105, 107, 108, 115, 116, 125, 127, 130, 134]"
33,"[1, 2, 3, 5, 6, 7, 12, 13, 14, 15, 17, 18, 19, 20, 21, 22, 24, 25, 26, 27, 29, 30, 31, 33, 34, 35, 36, 37, 38, 39, 41, 43, 44, 45, 46, 47, 48, 49, 50, 52, 54, 55, 56, 57, 59, 60, 61, 62, 63, 64, 66, 67, 70, 72, 73, 74, 76, 77, 79, 81, 82, 83, 88, 90, 91, 92, 93, 94, 95, 96, 98, 99, 100, 101, 102, 103, 104, 105, 106, 107, 108, 109, 110, 111, 112, 114, 115, 117, 118, 119, 120, 121, 122, 123, 124, 126, 127, 128, 129, 130, 131, 134, 135, 136, 137, 139, 140, 141, 142, 144, 147, 148, 149]","[0, 4, 8, 9, 10, 11, 16, 23, 28, 32, 40, 42, 51, 53, 58, 65, 68, 69, 71, 75, 78, 80, 84, 85, 86, 87, 89, 97, 113, 116, 125, 132, 133, 138, 143, 145, 146]"
34,"[1, 2, 3, 4, 5, 6, 7, 8, 12, 13, 14, 15, 16, 17, 18, 19, 20, 21, 25, 26, 27, 28, 29, 30, 31, 34, 35, 36, 37, 39, 40, 41, 42, 43, 44, 45, 46, 47, 48, 49, 51, 52, 53, 54, 56, 58, 59, 61, 63, 64, 65, 67, 69, 70, 72, 74, 75, 76, 77, 78, 80, 81, 82, 83, 85, 86, 88, 89, 90, 91, 95, 96, 98, 99, 100, 101, 102, 103, 104, 105, 106, 107, 108, 109, 110, 111, 112, 113, 114, 115, 116, 117, 118, 119, 120, 121, 122, 123, 124, 125, 126, 127, 128, 132, 133, 134, 136, 138, 140, 142, 144, 145, 148]","[0, 9, 10, 11, 22, 23, 24, 32, 33, 38, 50, 55, 57, 60, 62, 66, 68, 71, 73, 79, 84, 87, 92, 93, 94, 97, 129, 130, 131, 135, 137, 139, 141, 143, 146, 147, 149]"
35,"[1, 2, 3, 4, 6, 8, 9, 10, 11, 13, 14, 15, 18, 19, 20, 22, 23, 25, 26, 27, 28, 29, 30, 32, 33, 35, 36, 37, 38, 39, 40, 42, 43, 45, 47, 48, 49, 50, 51, 52, 53, 54, 55, 56, 58, 59, 60, 62, 63, 64, 65, 66, 67, 68, 69, 70, 71, 72, 73, 74, 76, 77, 78, 79, 80, 81, 83, 85, 86, 87, 88, 89, 90, 91, 92, 94, 95, 97, 98, 99, 101, 102, 103, 107, 108, 109, 110, 111, 112, 117, 119, 121, 122, 124, 126, 128, 129, 130, 131, 132, 134, 135, 137, 138, 140, 142, 143, 144, 145, 146, 147, 148, 149]","[0, 5, 7, 12, 16, 17, 21, 24, 31, 34, 41, 44, 46, 57, 61, 75, 82, 84, 93, 96, 100, 104, 105, 106, 113, 114, 115, 116, 118, 120, 123, 125, 127, 133, 136, 139, 141]"
36,"[0, 1, 2, 4, 5, 7, 8, 9, 10, 11, 12, 14, 15, 17, 19, 21, 22, 24, 25, 27, 30, 32, 33, 34, 35, 36, 37, 38, 39, 41, 42, 43, 44, 45, 46, 47, 48, 49, 52, 53, 54, 55, 58, 59, 61, 62, 63, 64, 65, 66, 67, 68, 70, 71, 72, 73, 75, 76, 77, 81, 82, 83, 84, 86, 87, 88, 89, 90, 91, 92, 93, 94, 95, 97, 98, 99, 100, 101, 103, 105, 107, 108, 109, 110, 111, 112, 114, 115, 116, 118, 120, 121, 122, 124, 125, 127, 128, 129, 130, 132, 133, 135, 138, 139, 140, 141, 142, 143, 144, 145, 147, 148, 149]","[3, 6, 13, 16, 18, 20, 23, 26, 28, 29, 31, 40, 50, 51, 56, 57, 60, 69, 74, 78, 79, 80, 85, 96, 102, 104, 106, 113, 117, 119, 123, 126, 131, 134, 136, 137, 146]"
37,"[0, 2, 4, 5, 6, 7, 8, 12, 13, 14, 16, 17, 19, 21, 22, 24, 25, 26, 27, 28, 29, 30, 31, 32, 33, 34, 35, 36, 37, 38, 40, 41, 45, 46, 47, 50, 51, 52, 54, 55, 57, 59, 60, 61, 62, 63, 64, 65, 66, 67, 68, 69, 70, 72, 73, 74, 75, 76, 77, 78, 79, 81, 82, 83, 84, 86, 87, 88, 89, 90, 93, 95, 96, 97, 98, 99, 100, 101, 102, 103, 104, 105, 107, 108, 111, 112, 113, 114, 116, 118, 119, 120, 121, 122, 123, 124, 126, 128, 129, 130, 132, 133, 134, 135, 136, 138, 140, 142, 143, 144, 145, 148, 149]","[1, 3, 9, 10, 11, 15, 18, 20, 23, 39, 42, 43, 44, 48, 49, 53, 56, 58, 71, 80, 85, 91, 92, 94, 106, 109, 110, 115, 117, 125, 127, 131, 137, 139, 141, 146, 147]"
38,"[0, 1, 2, 3, 4, 5, 6, 7, 9, 10, 11, 12, 13, 14, 15, 16, 17, 18, 20, 21, 22, 24, 25, 26, 27, 28, 29, 30, 31, 32, 33, 34, 35, 36, 37, 38, 39, 41, 42, 43, 44, 45, 46, 48, 49, 52, 53, 54, 55, 56, 58, 59, 60, 63, 66, 68, 71, 72, 73, 74, 76, 77, 78, 79, 81, 82, 83, 84, 85, 86, 87, 88, 89, 90, 91, 93, 94, 95, 96, 98, 101, 102, 103, 105, 106, 109, 110, 111, 112, 113, 115, 116, 117, 118, 121, 123, 124, 125, 127, 128, 130, 131, 132, 133, 134, 136, 141, 143, 144, 145, 146, 148, 149]","[8, 19, 23, 40, 47, 50, 51, 57, 61, 62, 64, 65, 67, 69, 70, 75, 80, 92, 97, 99, 100, 104, 107, 108, 114, 119, 120, 122, 126, 129, 135, 137, 138, 139, 140, 142, 147]"
39,"[0, 1, 2, 5, 6, 7, 8, 9, 10, 12, 13, 14, 15, 17, 19, 20, 21, 22, 23, 24, 25, 26, 27, 28, 29, 31, 32, 33, 34, 35, 36, 37, 38, 39, 40, 42, 44, 45, 47, 48, 49, 52, 53, 55, 56, 57, 58, 59, 61, 62, 64, 65, 66, 67, 68, 69, 71, 72, 75, 76, 78, 79, 80, 81, 82, 83, 84, 86, 87, 88, 89, 91, 92, 93, 94, 97, 98, 99, 100, 101, 102, 103, 104, 105, 106, 108, 112, 113, 114, 116, 118, 119, 120, 123, 125, 126, 127, 128, 129, 130, 131, 132, 133, 134, 135, 136, 138, 139, 142, 144, 145, 146, 149]","[3, 4, 11, 16, 18, 30, 41, 43, 46, 50, 51, 54, 60, 63, 70, 73, 74, 77, 85, 90, 95, 96, 107, 109, 110, 111, 115, 117, 121, 122, 124, 137, 140, 141, 143, 147, 148]"
40,"[0, 1, 2, 3, 5, 7, 8, 9, 11, 12, 13, 14, 17, 19, 21, 22, 23, 24, 26, 28, 29, 30, 31, 32, 33, 34, 36, 37, 38, 39, 42, 43, 44, 45, 46, 47, 48, 49, 51, 52, 55, 56, 57, 60, 61, 63, 64, 65, 66, 67, 68, 69, 70, 71, 72, 74, 76, 77, 78, 79, 80, 81, 82, 83, 84, 85, 86, 87, 88, 93, 94, 95, 98, 99, 101, 102, 103, 104, 105, 106, 107, 109, 110, 111, 112, 114, 115, 116, 119, 120, 122, 124, 125, 126, 127, 128, 129, 131, 132, 133, 134, 136, 137, 138, 139, 140, 142, 143, 144, 145, 147, 148, 149]","[4, 6, 10, 15, 16, 18, 20, 25, 27, 35, 40, 41, 50, 53, 54, 58, 59, 62, 73, 75, 89, 90, 91, 92, 96, 97, 100, 108, 113, 117, 118, 121, 123, 130, 135, 141, 146]"
41,"[0, 1, 2, 4, 5, 6, 8, 9, 11, 12, 13, 15, 16, 18, 19, 20, 21, 22, 23, 26, 27, 28, 29, 30, 31, 33, 34, 35, 36, 37, 38, 39, 40, 41, 43, 45, 46, 48, 49, 50, 51, 52, 53, 54, 57, 58, 60, 61, 62, 63, 64, 65, 67, 68, 69, 70, 71, 74, 77, 78, 80, 81, 82, 83, 84, 85, 86, 89, 90, 91, 94, 96, 98, 99, 100, 101, 102, 103, 104, 105, 106, 107, 108, 109, 112, 115, 116, 117, 118, 119, 120, 121, 123, 124, 125, 126, 128, 129, 130, 131, 132, 133, 134, 136, 138, 139, 141, 144, 145, 146, 147, 148, 149]","[3, 7, 10, 14, 17, 24, 25, 32, 42, 44, 47, 55, 56, 59, 66, 72, 73, 75, 76, 79, 87, 88, 92, 93, 95, 97, 110, 111, 113, 114, 122, 127, 135, 137, 140, 142, 143]"
42,"[0, 2, 3, 5, 6, 8, 9, 11, 12, 13, 14, 15, 16, 18, 19, 20, 22, 23, 24, 25, 26, 27, 28, 30, 31, 32, 33, 34, 35, 36, 38, 39, 40, 42, 43, 44, 45, 46, 47, 48, 49, 50, 51, 52, 54, 55, 56, 57, 58, 61, 62, 64, 65, 66, 67, 68, 69, 72, 73, 74, 76, 77, 78, 79, 80, 83, 86, 88, 89, 91, 92, 94, 97, 98, 99, 101, 102, 103, 104, 105, 106, 107, 109, 110, 112, 113, 114, 115, 116, 117, 118, 120, 121, 122, 123, 124, 125, 129, 130, 131, 132, 134, 135, 137, 139, 141, 142, 143, 144, 145, 147, 148, 149]","[1, 4, 7, 10, 17, 21, 29, 37, 41, 53, 59, 60, 63, 70, 71, 75, 81, 82, 84, 85, 87, 90, 93, 95, 96, 100, 108, 111, 119, 126, 127, 128, 133, 136, 138, 140, 146]"
43,"[0, 1, 2, 4, 5, 6, 7, 8, 9, 10, 11, 12, 13, 14, 15, 16, 17, 18, 20, 21, 22, 23, 25, 26, 27, 29, 30, 31, 32, 33, 35, 36, 37, 38, 39, 40, 45, 47, 48, 49, 50, 51, 54, 55, 57, 58, 62, 63, 65, 66, 68, 69, 70, 71, 72, 73, 74, 78, 79, 80, 81, 82, 83, 85, 86, 87, 89, 90, 93, 94, 95, 96, 97, 98, 99, 100, 101, 102, 104, 105, 106, 107, 108, 109, 110, 111, 113, 115, 116, 117, 118, 120, 121, 122, 123, 124, 127, 130, 131, 133, 134, 135, 136, 138, 139, 140, 141, 142, 143, 145, 146, 147, 148]","[3, 19, 24, 28, 34, 41, 42, 43, 44, 46, 52, 53, 56, 59, 60, 61, 64, 67, 75, 76, 77, 84, 88, 91, 92, 103, 112, 114, 119, 125, 126, 128, 129, 132, 137, 144, 149]"
44,"[0, 2, 5, 6, 8, 9, 10, 11, 12, 13, 15, 16, 17, 18, 20, 23, 25, 26, 28, 30, 32, 33, 34, 35, 36, 37, 38, 39, 40, 41, 42, 44, 45, 46, 48, 49, 50, 51, 52, 53, 54, 55, 56, 57, 59, 60, 61, 62, 63, 64, 65, 67, 68, 69, 70, 72, 73, 74, 75, 76, 78, 79, 80, 81, 82, 83, 84, 85, 87, 88, 89, 90, 91, 92, 95, 96, 97, 98, 100, 101, 102, 103, 106, 107, 108, 109, 110, 111, 112, 113, 117, 118, 119, 120, 121, 123, 124, 125, 126, 127, 129, 132, 133, 135, 136, 138, 140, 141, 142, 143, 144, 147, 149]","[1, 3, 4, 7, 14, 19, 21, 22, 24, 27, 29, 31, 43, 47, 58, 66, 71, 77, 86, 93, 94, 99, 104, 105, 114, 115, 116, 122, 128, 130, 131, 134, 137, 139, 145, 146, 148]"
45,"[2, 4, 6, 7, 9, 12, 13, 14, 15, 16, 17, 18, 19, 20, 21, 22, 23, 24, 25, 26, 27, 28, 29, 30, 31, 34, 35, 36, 37, 38, 40, 42, 43, 44, 46, 47, 48, 50, 51, 52, 53, 54, 55, 57, 59, 60, 61, 64, 65, 66, 67, 69, 71, 72, 73, 74, 75, 76, 77, 78, 79, 81, 83, 84, 85, 87, 88, 89, 91, 93, 94, 95, 96, 97, 99, 100, 101, 103, 104, 105, 106, 107, 108, 109, 111, 113, 114, 115, 116, 117, 118, 121, 122, 123, 124, 126, 127, 128, 131, 132, 133, 134, 135, 136, 138, 139, 140, 142, 143, 145, 146, 148, 149]","[0, 1, 3, 5, 8, 10, 11, 32, 33, 39, 41, 45, 49, 56, 58, 62, 63, 68, 70, 80, 82, 86, 90, 92, 98, 102, 110, 112, 119, 120, 125, 129, 130, 137, 141, 144, 147]"
46,"[1, 2, 3, 4, 6, 7, 8, 9, 10, 11, 12, 13, 14, 15, 16, 17, 19, 20, 21, 22, 24, 25, 26, 27, 28, 29, 30, 32, 33, 36, 37, 39, 40, 41, 43, 44, 45, 46, 47, 48, 49, 50, 51, 52, 53, 57, 59, 60, 61, 62, 63, 64, 65, 68, 69, 70, 71, 72, 74, 76, 77, 78, 79, 81, 83, 84, 85, 86, 88, 90, 91, 92, 93, 94, 95, 96, 98, 99, 100, 101, 103, 104, 105, 107, 109, 110, 111, 113, 114, 116, 117, 120, 121, 122, 123, 124, 125, 126, 127, 128, 129, 130, 134, 137, 138, 140, 141, 142, 143, 145, 147, 148, 149]","[0, 5, 18, 23, 31, 34, 35, 38, 42, 54, 55, 56, 58, 66, 67, 73, 75, 80, 82, 87, 89, 97, 102, 106, 108, 112, 115, 118, 119, 131, 132, 133, 135, 136, 139, 144, 146]"
47,"[0, 3, 4, 5, 6, 8, 10, 12, 13, 14, 15, 16, 17, 18, 19, 20, 22, 23, 24, 25, 28, 29, 31, 32, 33, 34, 35, 36, 40, 41, 42, 43, 45, 46, 47, 48, 49, 50, 51, 53, 55, 56, 57, 58, 59, 60, 61, 62, 63, 64, 66, 67, 68, 71, 74, 75, 78, 79, 80, 81, 82, 83, 84, 85, 86, 87, 88, 89, 90, 92, 93, 94, 95, 96, 97, 99, 101, 102, 103, 105, 106, 107, 108, 110, 112, 113, 114, 115, 116, 119, 121, 122, 123, 124, 125, 126, 127, 128, 129, 130, 132, 133, 135, 136, 138, 139, 140, 141, 143, 144, 145, 146, 148]","[1, 2, 7, 9, 11, 21, 26, 27, 30, 37, 38, 39, 44, 52, 54, 65, 69, 70, 72, 73, 76, 77, 91, 98, 100, 104, 109, 111, 117, 118, 120, 131, 134, 137, 142, 147, 149]"
48,"[0, 2, 4, 5, 7, 8, 9, 10, 11, 13, 14, 15, 16, 17, 18, 19, 21, 22, 24, 25, 26, 28, 29, 31, 32, 34, 36, 37, 38, 39, 40, 41, 42, 43, 44, 45, 46, 47, 48, 49, 50, 51, 52, 54, 55, 57, 58, 59, 60, 61, 62, 64, 65, 67, 68, 70, 71, 73, 74, 75, 76, 77, 78, 79, 80, 82, 83, 84, 86, 87, 89, 90, 91, 92, 93, 96, 97, 98, 99, 100, 101, 102, 103, 104, 108, 109, 110, 114, 116, 118, 119, 120, 122, 123, 126, 127, 128, 129, 130, 131, 132, 133, 134, 136, 137, 139, 140, 141, 142, 144, 145, 146, 149]","[1, 3, 6, 12, 20, 23, 27, 30, 33, 35, 53, 56, 63, 66, 69, 72, 81, 85, 88, 94, 95, 105, 106, 107, 111, 112, 113, 115, 117, 121, 124, 125, 135, 138, 143, 147, 148]"
49,"[0, 2, 3, 4, 5, 6, 7, 9, 11, 13, 14, 16, 17, 18, 19, 20, 21, 22, 24, 25, 26, 27, 28, 31, 32, 33, 34, 38, 39, 40, 41, 42, 43, 44, 45, 47, 48, 49, 50, 51, 52, 53, 54, 55, 56, 57, 59, 60, 61, 63, 64, 65, 66, 67, 68, 72, 73, 74, 75, 76, 77, 79, 80, 81, 83, 86, 87, 89, 90, 92, 93, 98, 99, 100, 101, 102, 103, 104, 105, 106, 107, 108, 109, 110, 111, 112, 113, 114, 115, 117, 118, 119, 120, 122, 126, 127, 128, 129, 130, 131, 132, 133, 134, 136, 137, 138, 139, 142, 143, 144, 145, 148, 149]","[1, 8, 10, 12, 15, 23, 29, 30, 35, 36, 37, 46, 58, 62, 69, 70, 71, 78, 82, 84, 85, 88, 91, 94, 95, 96, 97, 116, 121, 123, 124, 125, 135, 140, 141, 146, 147]"
50,"[0, 1, 5, 6, 8, 9, 10, 11, 12, 13, 15, 16, 17, 19, 20, 21, 22, 23, 24, 27, 28, 29, 30, 31, 33, 34, 37, 38, 39, 40, 41, 42, 44, 46, 47, 48, 50, 51, 52, 53, 56, 57, 58, 59, 60, 61, 63, 64, 65, 67, 68, 69, 70, 71, 73, 75, 76, 77, 79, 81, 82, 83, 85, 86, 87, 88, 90, 93, 94, 95, 98, 99, 100, 101, 102, 103, 104, 105, 106, 107, 108, 109, 111, 112, 113, 114, 115, 116, 117, 118, 119, 121, 123, 124, 125, 127, 128, 129, 130, 132, 133, 134, 137, 138, 139, 140, 141, 142, 144, 145, 146, 147, 148]","[2, 3, 4, 7, 14, 18, 25, 26, 32, 35, 36, 43, 45, 49, 54, 55, 62, 66, 72, 74, 78, 80, 84, 89, 91, 92, 96, 97, 110, 120, 122, 126, 131, 135, 136, 143, 149]"
51,"[0, 1, 2, 4, 5, 7, 8, 9, 10, 11, 12, 13, 15, 18, 19, 20, 23, 24, 26, 27, 28, 30, 31, 32, 33, 35, 36, 38, 39, 40, 42, 43, 44, 45, 47, 48, 49, 50, 51, 52, 53, 54, 56, 57, 58, 59, 61, 63, 64, 65, 66, 67, 68, 70, 71, 73, 74, 75, 76, 77, 78, 80, 81, 82, 83, 85, 86, 87, 88, 90, 91, 93, 94, 95, 96, 97, 98, 100, 101, 102, 105, 106, 110, 111, 113, 114, 115, 116, 117, 119, 120, 121, 122, 124, 125, 126, 127, 128, 130, 131, 132, 134, 135, 136, 137, 139, 140, 142, 143, 144, 145, 147, 148]","[3, 6, 14, 16, 17, 21, 22, 25, 29, 34, 37, 41, 46, 55, 60, 62, 69, 72, 79, 84, 89, 92, 99, 103, 104, 107, 108, 109, 112, 118, 123, 129, 133, 138, 141, 146, 149]"
52,"[0, 1, 2, 5, 7, 8, 10, 11, 12, 15, 17, 18, 19, 21, 22, 23, 25, 26, 27, 28, 29, 31, 32, 34, 36, 37, 39, 40, 41, 42, 44, 45, 46, 47, 48, 50, 51, 52, 53, 54, 56, 58, 59, 61, 62, 63, 64, 65, 67, 68, 69, 70, 71, 73, 75, 76, 77, 78, 79, 81, 82, 83, 85, 86, 87, 88, 89, 91, 93, 94, 95, 96, 97, 99, 100, 101, 103, 104, 105, 108, 109, 110, 111, 112, 113, 114, 115, 116, 117, 118, 119, 121, 122, 123, 124, 125, 127, 128, 129, 130, 132, 133, 134, 135, 136, 137, 138, 139, 140, 141, 142, 146, 149]","[3, 4, 6, 9, 13, 14, 16, 20, 24, 30, 33, 35, 38, 43, 49, 55, 57, 60, 66, 72, 74, 80, 84, 90, 92, 98, 102, 106, 107, 120, 126, 131, 143, 144, 145, 147, 148]"
53,"[0, 1, 2, 3, 4, 5, 8, 9, 10, 11, 12, 13, 14, 15, 16, 17, 18, 19, 20, 21, 22, 23, 24, 26, 27, 28, 29, 30, 31, 33, 34, 35, 36, 39, 40, 41, 42, 43, 46, 48, 51, 52, 55, 57, 58, 59, 60, 61, 62, 63, 64, 65, 66, 67, 68, 69, 70, 71, 74, 77, 78, 79, 80, 81, 82, 83, 86, 88, 90, 91, 92, 93, 94, 95, 96, 98, 99, 100, 101, 103, 104, 105, 108, 109, 110, 111, 112, 113, 116, 117, 119, 120, 122, 124, 126, 128, 129, 130, 132, 133, 134, 135, 136, 137, 138, 140, 141, 143, 144, 145, 146, 147, 149]","[6, 7, 25, 32, 37, 38, 44, 45, 47, 49, 50, 53, 54, 56, 72, 73, 75, 76, 84, 85, 87, 89, 97, 102, 106, 107, 114, 115, 118, 121, 123, 125, 127, 131, 139, 142, 148]"
54,"[1, 2, 3, 4, 5, 7, 8, 9, 10, 11, 12, 13, 14, 15, 17, 18, 19, 21, 22, 25, 26, 28, 30, 32, 34, 35, 36, 37, 38, 39, 41, 42, 43, 44, 45, 46, 47, 48, 50, 51, 52, 53, 55, 56, 57, 60, 61, 63, 64, 65, 66, 67, 68, 71, 72, 73, 74, 76, 77, 78, 80, 82, 83, 85, 86, 88, 89, 90, 91, 92, 94, 95, 97, 98, 99, 101, 103, 105, 106, 107, 108, 109, 110, 111, 112, 113, 114, 115, 117, 118, 119, 120, 123, 124, 125, 126, 127, 128, 129, 131, 132, 133, 134, 135, 137, 140, 141, 142, 143, 145, 146, 147, 148]","[0, 6, 16, 20, 23, 24, 27, 29, 31, 33, 40, 49, 54, 58, 59, 62, 69, 70, 75, 79, 81, 84, 87, 93, 96, 100, 102, 104, 116, 121, 122, 130, 136, 138, 139, 144, 149]"
55,"[1, 2, 3, 4, 5, 6, 7, 8, 9, 10, 11, 12, 13, 18, 19, 20, 21, 24, 25, 26, 28, 29, 31, 32, 34, 35, 36, 38, 40, 41, 42, 43, 44, 45, 46, 48, 50, 51, 52, 53, 55, 57, 59, 61, 62, 63, 65, 66, 67, 70, 71, 72, 73, 74, 75, 77, 78, 79, 80, 81, 82, 84, 85, 87, 89, 90, 91, 92, 93, 95, 96, 97, 98, 99, 101, 102, 103, 104, 105, 106, 107, 108, 109, 110, 111, 115, 117, 118, 119, 120, 121, 122, 123, 125, 127, 129, 132, 133, 134, 135, 136, 137, 138, 139, 140, 141, 142, 143, 144, 145, 146, 148, 149]","[0, 14, 15, 16, 17, 22, 23, 27, 30, 33, 37, 39, 47, 49, 54, 56, 58, 60, 64, 68, 69, 76, 83, 86, 88, 94, 100, 112, 113, 114, 116, 124, 126, 128, 130, 131, 147]"
56,"[3, 4, 5, 6, 7, 9, 10, 12, 15, 16, 17, 18, 19, 20, 21, 22, 23, 24, 26, 27, 28, 29, 31, 32, 33, 34, 35, 37, 38, 40, 42, 43, 44, 45, 47, 48, 49, 50, 52, 53, 55, 56, 57, 58, 59, 62, 63, 64, 65, 66, 67, 70, 71, 72, 75, 76, 79, 80, 81, 82, 86, 87, 88, 89, 90, 91, 93, 94, 95, 96, 98, 99, 100, 101, 103, 104, 106, 107, 108, 109, 110, 112, 113, 114, 115, 116, 117, 118, 119, 120, 121, 122, 123, 124, 125, 127, 128, 129, 131, 133, 134, 135, 137, 138, 139, 140, 141, 142, 143, 144, 146, 147, 148]","[0, 1, 2, 8, 11, 13, 14, 25, 30, 36, 39, 41, 46, 51, 54, 60, 61, 68, 69, 73, 74, 77, 78, 83, 84, 85, 92, 97, 102, 105, 111, 126, 130, 132, 136, 145, 149]"
57,"[0, 1, 2, 4, 5, 6, 7, 9, 10, 11, 14, 21, 22, 23, 24, 26, 27, 28, 29, 30, 31, 32, 33, 34, 37, 39, 40, 41, 42, 43, 44, 45, 46, 48, 49, 50, 51, 52, 53, 54, 55, 56, 57, 58, 59, 60, 61, 63, 65, 67, 70, 71, 72, 74, 75, 76, 77, 78, 79, 80, 81, 82, 83, 84, 85, 86, 87, 88, 89, 90, 92, 93, 94, 96, 97, 98, 99, 100, 101, 102, 103, 104, 106, 107, 108, 109, 111, 112, 114, 115, 116, 117, 118, 120, 122, 123, 124, 125, 129, 130, 131, 133, 135, 136, 139, 141, 142, 143, 144, 145, 146, 147, 148]","[3, 8, 12, 13, 15, 16, 17, 18, 19, 20, 25, 35, 36, 38, 47, 62, 64, 66, 68, 69, 73, 91, 95, 105, 110, 113, 119, 121, 126, 127, 128, 132, 134, 137, 138, 140, 149]"
58,"[0, 2, 3, 4, 5, 6, 7, 8, 10, 11, 12, 13, 14, 15, 16, 17, 18, 19, 20, 21, 22, 23, 25, 26, 27, 28, 29, 33, 34, 35, 36, 37, 39, 41, 42, 43, 45, 46, 47, 49, 50, 52, 53, 54, 55, 56, 57, 60, 61, 63, 64, 67, 69, 71, 72, 73, 75, 76, 77, 78, 80, 83, 84, 86, 87, 88, 90, 91, 92, 93, 94, 95, 96, 98, 99, 100, 102, 103, 104, 105, 106, 107, 108, 109, 110, 111, 112, 115, 117, 118, 119, 122, 123, 124, 125, 126, 132, 133, 134, 135, 137, 138, 139, 140, 141, 142, 143, 144, 145, 146, 147, 148, 149]","[1, 9, 24, 30, 31, 32, 38, 40, 44, 48, 51, 58, 59, 62, 65, 66, 68, 70, 74, 79, 81, 82, 85, 89, 97, 101, 113, 114, 116, 120, 121, 127, 128, 129, 130, 131, 136]"
59,"[2, 3, 4, 5, 6, 8, 9, 10, 11, 12, 15, 16, 18, 19, 20, 21, 22, 24, 25, 26, 27, 28, 29, 30, 31, 32, 33, 36, 37, 38, 39, 40, 42, 44, 45, 46, 47, 48, 49, 50, 52, 53, 54, 56, 57, 59, 60, 61, 64, 65, 66, 67, 68, 69, 71, 72, 73, 75, 76, 77, 78, 79, 80, 81, 83, 85, 87, 88, 89, 90, 91, 92, 93, 94, 95, 96, 97, 98, 99, 100, 101, 102, 104, 105, 108, 110, 112, 114, 115, 116, 117, 118, 119, 120, 121, 122, 123, 127, 128, 129, 130, 131, 132, 133, 134, 138, 140, 141, 142, 144, 146, 147, 149]","[0, 1, 7, 13, 14, 17, 23, 34, 35, 41, 43, 51, 55, 58, 62, 63, 70, 74, 82, 84, 86, 103, 106, 107, 109, 111, 113, 124, 125, 126, 135, 136, 137, 139, 143, 145, 148]"
60,"[1, 2, 4, 5, 6, 7, 10, 11, 12, 13, 14, 16, 17, 18, 19, 20, 21, 22, 23, 26, 27, 28, 29, 30, 32, 34, 35, 36, 37, 38, 39, 40, 42, 43, 45, 46, 47, 48, 49, 50, 51, 52, 53, 54, 56, 58, 60, 61, 62, 63, 64, 65, 66, 67, 69, 70, 73, 74, 75, 76, 77, 78, 79, 80, 82, 83, 84, 85, 86, 87, 90, 91, 92, 93, 94, 95, 98, 99, 101, 103, 105, 106, 107, 108, 109, 110, 111, 112, 113, 115, 116, 117, 118, 121, 122, 123, 125, 129, 130, 131, 133, 134, 135, 137, 138, 139, 140, 141, 143, 144, 145, 148, 149]","[0, 3, 8, 9, 15, 24, 25, 31, 33, 41, 44, 55, 57, 59, 68, 71, 72, 81, 88, 89, 96, 97, 100, 102, 104, 114, 119, 120, 124, 126, 127, 128, 132, 136, 142, 146, 147]"
61,"[1, 3, 6, 7, 8, 11, 12, 13, 14, 16, 18, 19, 20, 21, 22, 25, 26, 27, 28, 29, 31, 32, 33, 34, 36, 37, 39, 40, 41, 43, 44, 45, 46, 47, 49, 50, 51, 53, 55, 56, 57, 58, 59, 60, 61, 64, 65, 66, 67, 68, 71, 73, 75, 76, 77, 78, 79, 80, 83, 84, 85, 86, 87, 88, 89, 91, 92, 93, 94, 95, 96, 97, 98, 99, 100, 101, 102, 104, 105, 106, 107, 109, 110, 113, 115, 116, 117, 118, 119, 120, 121, 122, 123, 124, 126, 128, 130, 131, 132, 134, 135, 136, 137, 139, 141, 142, 143, 144, 145, 146, 147, 148, 149]","[0, 2, 4, 5, 9, 10, 15, 17, 23, 24, 30, 35, 38, 42, 48, 52, 54, 62, 63, 69, 70, 72, 74, 81, 82, 90, 103, 108, 111, 112, 114, 125, 127, 129, 133, 138, 140]"
62,"[0, 1, 2, 3, 4, 5, 6, 8, 9, 10, 11, 12, 13, 14, 15, 17, 19, 20, 21, 22, 23, 24, 25, 26, 27, 28, 30, 31, 32, 33, 38, 40, 41, 42, 43, 45, 47, 48, 49, 50, 51, 53, 54, 55, 56, 57, 59, 61, 62, 63, 64, 65, 66, 70, 71, 72, 78, 79, 80, 81, 83, 85, 86, 87, 88, 89, 90, 91, 92, 93, 95, 96, 97, 99, 102, 103, 106, 107, 108, 109, 110, 111, 112, 114, 115, 117, 118, 119, 120, 121, 122, 123, 127, 128, 129, 130, 131, 132, 133, 134, 135, 136, 137, 138, 139, 140, 141, 142, 143, 144, 146, 148, 149]","[7, 16, 18, 29, 34, 35, 36, 37, 39, 44, 46, 52, 58, 60, 67, 68, 69, 73, 74, 75, 76, 77, 82, 84, 94, 98, 100, 101, 104, 105, 113, 116, 124, 125, 126, 145, 147]"
63,"[0, 1, 3, 4, 6, 7, 8, 9, 10, 11, 12, 13, 14, 15, 16, 17, 21, 22, 23, 24, 25, 26, 29, 30, 32, 33, 34, 35, 36, 38, 39, 40, 42, 43, 44, 46, 47, 49, 50, 57, 58, 59, 60, 61, 63, 64, 66, 67, 69, 70, 71, 72, 73, 74, 78, 79, 80, 81, 82, 83, 84, 86, 87, 88, 89, 90, 92, 93, 94, 95, 97, 98, 99, 100, 101, 102, 103, 105, 106, 107, 108, 109, 110, 111, 112, 113, 114, 115, 116, 117, 118, 121, 122, 123, 124, 125, 126, 127, 129, 130, 132, 133, 134, 135, 137, 138, 140, 141, 143, 145, 146, 147, 148]","[2, 5, 18, 19, 20, 27, 28, 31, 37, 41, 45, 48, 51, 52, 53, 54, 55, 56, 62, 65, 68, 75, 76, 77, 85, 91, 96, 104, 119, 120, 128, 131, 136, 139, 142, 144, 149]"
64,"[1, 2, 4, 5, 7, 8, 9, 10, 11, 12, 13, 14, 15, 16, 19, 20, 21, 22, 23, 25, 26, 27, 29, 31, 32, 34, 35, 36, 39, 40, 41, 42, 43, 44, 45, 46, 47, 48, 49, 50, 51, 52, 53, 54, 55, 56, 57, 58, 60, 61, 62, 63, 64, 65, 66, 67, 68, 71, 72, 73, 74, 76, 77, 78, 81, 84, 85, 86, 87, 88, 89, 90, 91, 92, 93, 94, 96, 97, 99, 101, 102, 105, 107, 108, 109, 110, 111, 112, 113, 115, 116, 117, 118, 119, 120, 121, 122, 123, 127, 130, 132, 133, 134, 137, 139, 142, 143, 144, 145, 146, 147, 148, 149]","[0, 3, 6, 17, 18, 24, 28, 30, 33, 37, 38, 59, 69, 70, 75, 79, 80, 82, 83, 95, 98, 100, 103, 104, 106, 114, 124, 125, 126, 128, 129, 131, 135, 136, 138, 140, 141]"
65,"[0, 2, 3, 4, 5, 6, 7, 8, 9, 10, 11, 16, 17, 18, 20, 21, 22, 25, 26, 27, 28, 29, 31, 32, 34, 35, 36, 37, 38, 39, 40, 41, 42, 43, 44, 45, 47, 50, 51, 53, 54, 56, 57, 58, 59, 60, 61, 62, 63, 64, 65, 67, 68, 69, 71, 72, 74, 75, 76, 78, 79, 80, 81, 82, 83, 85, 86, 87, 88, 90, 92, 93, 94, 95, 103, 104, 105, 106, 107, 111, 112, 114, 115, 116, 117, 119, 120, 121, 123, 124, 125, 126, 127, 128, 129, 131, 133, 134, 135, 136, 137, 138, 139, 140, 141, 142, 143, 144, 145, 146, 147, 148, 149]","[1, 12, 13, 14, 15, 19, 23, 24, 30, 33, 46, 48, 49, 52, 55, 66, 70, 73, 77, 84, 89, 91, 96, 97, 98, 99, 100, 101, 102, 108, 109, 110, 113, 118, 122, 130, 132]"
66,"[1, 3, 4, 5, 6, 7, 8, 9, 10, 11, 12, 13, 14, 16, 17, 18, 19, 20, 21, 22, 23, 24, 25, 26, 27, 28, 29, 30, 31, 32, 33, 34, 35, 37, 39, 40, 45, 46, 47, 48, 51, 53, 54, 55, 56, 58, 60, 61, 62, 63, 64, 65, 66, 67, 69, 70, 71, 72, 73, 74, 75, 76, 77, 78, 79, 80, 82, 83, 84, 85, 87, 88, 93, 94, 95, 97, 98, 99, 101, 102, 103, 104, 105, 106, 108, 110, 111, 112, 113, 114, 115, 116, 117, 119, 120, 123, 124, 125, 126, 127, 128, 129, 131, 133, 134, 136, 138, 139, 140, 144, 145, 148, 149]","[0, 2, 15, 36, 38, 41, 42, 43, 44, 49, 50, 52, 57, 59, 68, 81, 86, 89, 90, 91, 92, 96, 100, 107, 109, 118, 121, 122, 130, 132, 135, 137, 141, 142, 143, 146, 147]"
67,"[0, 1, 2, 4, 5, 7, 8, 9, 10, 11, 12, 14, 15, 16, 18, 19, 20, 22, 24, 25, 26, 27, 29, 31, 32, 33, 34, 35, 36, 38, 39, 43, 45, 46, 48, 49, 50, 51, 52, 53, 54, 55, 56, 58, 60, 61, 62, 64, 65, 67, 69, 70, 71, 72, 73, 75, 76, 77, 78, 79, 80, 82, 83, 84, 86, 88, 89, 90, 91, 92, 93, 95, 96, 97, 98, 99, 100, 101, 102, 104, 105, 106, 107, 108, 109, 110, 111, 113, 114, 115, 117, 118, 119, 120, 121, 122, 124, 125, 126, 127, 129, 130, 131, 132, 133, 135, 137, 138, 141, 145, 146, 148, 149]","[3, 6, 13, 17, 21, 23, 28, 30, 37, 40, 41, 42, 44, 47, 57, 59, 63, 66, 68, 74, 81, 85, 87, 94, 103, 112, 116, 123, 128, 134, 136, 139, 140, 142, 143, 144, 147]"
68,"[2, 3, 4, 5, 8, 9, 11, 13, 14, 15, 16, 19, 20, 21, 23, 25, 27, 28, 30, 31, 32, 33, 34, 35, 37, 38, 39, 40, 41, 44, 49, 51, 52, 53, 54, 55, 57, 58, 59, 60, 61, 62, 63, 64, 65, 67, 68, 69, 71, 72, 73, 74, 76, 77, 79, 80, 81, 82, 83, 84, 85, 86, 88, 89, 91, 92, 94, 95, 96, 97, 98, 99, 100, 101, 103, 104, 105, 106, 107, 109, 110, 111, 112, 113, 114, 115, 116, 117, 118, 119, 120, 121, 122, 124, 125, 126, 127, 128, 131, 132, 134, 135, 136, 138, 139, 140, 142, 143, 144, 145, 146, 147, 149]","[0, 1, 6, 7, 10, 12, 17, 18, 22, 24, 26, 29, 36, 42, 43, 45, 46, 47, 48, 50, 56, 66, 70, 75, 78, 87, 90, 93, 102, 108, 123, 129, 130, 133, 137, 141, 148]"
69,"[0, 2, 3, 4, 5, 6, 7, 9, 10, 11, 14, 15, 16, 18, 19, 20, 23, 24, 25, 26, 28, 29, 30, 31, 32, 33, 34, 35, 37, 38, 39, 40, 41, 42, 43, 45, 46, 47, 50, 52, 53, 54, 55, 56, 57, 58, 59, 60, 61, 63, 67, 68, 69, 70, 71, 72, 74, 76, 77, 78, 79, 80, 81, 82, 84, 85, 86, 87, 90, 91, 92, 93, 94, 95, 96, 97, 98, 99, 100, 102, 105, 106, 107, 108, 109, 110, 114, 115, 116, 117, 118, 119, 120, 122, 123, 124, 125, 126, 127, 128, 130, 131, 132, 133, 136, 138, 139, 140, 142, 143, 144, 146, 148]","[1, 8, 12, 13, 17, 21, 22, 27, 36, 44, 48, 49, 51, 62, 64, 65, 66, 73, 75, 83, 88, 89, 101, 103, 104, 111, 112, 113, 121, 129, 134, 135, 137, 141, 145, 147, 149]"
70,"[0, 2, 4, 5, 7, 8, 9, 10, 11, 12, 13, 14, 16, 17, 19, 20, 21, 23, 25, 26, 27, 28, 29, 30, 31, 32, 34, 35, 36, 37, 38, 40, 42, 43, 44, 46, 47, 48, 50, 51, 53, 55, 57, 58, 60, 61, 63, 65, 66, 67, 68, 69, 70, 72, 73, 74, 75, 76, 77, 78, 79, 80, 81, 82, 84, 85, 86, 87, 88, 89, 90, 91, 94, 95, 96, 97, 98, 99, 100, 102, 103, 104, 105, 106, 107, 108, 110, 111, 112, 113, 115, 118, 119, 121, 123, 127, 128, 130, 131, 132, 133, 134, 135, 136, 137, 138, 139, 140, 141, 142, 144, 145, 146]","[1, 3, 6, 15, 18, 22, 24, 33, 39, 41, 45, 49, 52, 54, 56, 59, 62, 64, 71, 83, 92, 93, 101, 109, 114, 116, 117, 120, 122, 124, 125, 126, 129, 143, 147, 148, 149]"
71,"[0, 1, 2, 3, 4, 5, 6, 7, 8, 9, 10, 11, 12, 13, 14, 15, 16, 17, 18, 19, 20, 21, 22, 24, 26, 27, 28, 30, 31, 33, 34, 35, 36, 37, 38, 39, 40, 41, 42, 46, 48, 49, 50, 53, 55, 56, 57, 58, 59, 60, 63, 65, 66, 67, 69, 71, 72, 73, 74, 75, 76, 77, 80, 81, 82, 83, 84, 85, 86, 89, 91, 92, 93, 94, 96, 97, 98, 99, 100, 101, 102, 104, 106, 107, 110, 111, 113, 114, 115, 116, 117, 118, 120, 122, 123, 124, 125, 127, 128, 129, 132, 134, 136, 138, 140, 141, 142, 143, 144, 145, 147, 148, 149]","[23, 25, 29, 32, 43, 44, 45, 47, 51, 52, 54, 61, 62, 64, 68, 70, 78, 79, 87, 88, 90, 95, 103, 105, 108, 109, 112, 119, 121, 126, 130, 131, 133, 135, 137, 139, 146]"
72,"[0, 1, 2, 3, 4, 6, 7, 8, 9, 10, 11, 12, 13, 14, 15, 16, 17, 20, 21, 22, 23, 25, 26, 27, 28, 30, 32, 33, 38, 39, 40, 42, 45, 47, 48, 51, 52, 53, 55, 56, 57, 58, 59, 60, 61, 63, 64, 65, 66, 67, 69, 70, 71, 72, 73, 74, 75, 76, 77, 78, 80, 81, 82, 83, 84, 85, 86, 87, 88, 90, 91, 93, 94, 95, 97, 99, 100, 101, 102, 104, 105, 108, 109, 111, 112, 113, 114, 115, 116, 117, 118, 119, 120, 122, 123, 124, 126, 127, 128, 131, 132, 133, 134, 136, 137, 139, 141, 142, 143, 144, 145, 146, 149]","[5, 18, 19, 24, 29, 31, 34, 35, 36, 37, 41, 43, 44, 46, 49, 50, 54, 62, 68, 79, 89, 92, 96, 98, 103, 106, 107, 110, 121, 125, 129, 130, 135, 138, 140, 147, 148]"
73,"[1, 4, 5, 6, 7, 8, 10, 13, 14, 15, 16, 17, 18, 19, 21, 22, 24, 25, 27, 30, 32, 33, 34, 35, 36, 37, 39, 40, 41, 43, 44, 45, 46, 47, 48, 49, 50, 51, 52, 53, 54, 55, 57, 58, 59, 60, 61, 62, 63, 64, 67, 68, 70, 71, 72, 73, 74, 75, 77, 78, 79, 80, 81, 82, 83, 84, 86, 87, 88, 92, 93, 95, 96, 97, 98, 99, 100, 101, 102, 103, 104, 106, 109, 111, 114, 115, 116, 117, 120, 123, 124, 125, 126, 127, 128, 129, 131, 132, 133, 135, 136, 137, 139, 140, 141, 142, 143, 144, 145, 146, 147, 148, 149]","[0, 2, 3, 9, 11, 12, 20, 23, 26, 28, 29, 31, 38, 42, 56, 65, 66, 69, 76, 85, 89, 90, 91, 94, 105, 107, 108, 110, 112, 113, 118, 119, 121, 122, 130, 134, 138]"
74,"[0, 1, 3, 5, 6, 7, 8, 10, 11, 12, 13, 15, 17, 19, 20, 21, 22, 23, 24, 25, 26, 27, 28, 29, 30, 31, 32, 35, 36, 37, 38, 39, 41, 43, 44, 46, 48, 52, 53, 54, 55, 57, 58, 59, 60, 61, 63, 66, 67, 68, 70, 71, 72, 73, 74, 75, 76, 77, 80, 81, 82, 83, 84, 85, 86, 87, 88, 89, 90, 91, 94, 95, 97, 98, 99, 102, 104, 105, 106, 107, 108, 109, 110, 111, 112, 114, 116, 117, 118, 120, 122, 123, 124, 125, 126, 127, 128, 131, 132, 133, 134, 136, 137, 138, 139, 140, 141, 142, 143, 144, 145, 147, 149]","[2, 4, 9, 14, 16, 18, 33, 34, 40, 42, 45, 47, 49, 50, 51, 56, 62, 64, 65, 69, 78, 79, 92, 93, 96, 100, 101, 103, 113, 115, 119, 121, 129, 130, 135, 146, 148]"
75,"[1, 2, 3, 4, 5, 6, 7, 8, 11, 12, 13, 14, 15, 16, 18, 19, 20, 21, 24, 26, 27, 28, 29, 31, 32, 33, 34, 35, 36, 38, 39, 40, 42, 43, 44, 46, 47, 48, 49, 50, 53, 54, 55, 56, 57, 58, 59, 60, 61, 62, 63, 64, 65, 66, 67, 69, 70, 71, 76, 77, 79, 81, 83, 84, 85, 86, 87, 89, 90, 91, 93, 94, 95, 96, 97, 98, 99, 101, 103, 106, 107, 108, 110, 111, 112, 113, 114, 115, 116, 118, 120, 121, 122, 123, 125, 127, 130, 132, 133, 134, 135, 136, 137, 139, 140, 141, 142, 143, 144, 146, 147, 148, 149]","[0, 9, 10, 17, 22, 23, 25, 30, 37, 41, 45, 51, 52, 68, 72, 73, 74, 75, 78, 80, 82, 88, 92, 100, 102, 104, 105, 109, 117, 119, 124, 126, 128, 129, 131, 138, 145]"
76,"[1, 3, 4, 5, 6, 7, 8, 9, 10, 11, 12, 13, 15, 17, 18, 19, 20, 23, 25, 26, 28, 29, 30, 32, 33, 34, 35, 36, 40, 41, 42, 43, 44, 46, 47, 48, 50, 51, 52, 53, 55, 56, 57, 59, 60, 61, 62, 64, 65, 67, 69, 70, 72, 73, 74, 75, 76, 77, 78, 79, 80, 81, 82, 83, 84, 85, 86, 91, 92, 93, 94, 96, 97, 98, 99, 100, 101, 102, 103, 104, 105, 108, 109, 110, 112, 113, 114, 115, 116, 118, 119, 120, 121, 122, 123, 124, 125, 126, 127, 131, 132, 133, 134, 137, 138, 139, 140, 141, 142, 144, 146, 147, 149]","[0, 2, 14, 16, 21, 22, 24, 27, 31, 37, 38, 39, 45, 49, 54, 58, 63, 66, 68, 71, 87, 88, 89, 90, 95, 106, 107, 111, 117, 128, 129, 130, 135, 136, 143, 145, 148]"
77,"[0, 1, 2, 3, 4, 5, 6, 7, 9, 10, 11, 12, 13, 14, 15, 16, 17, 19, 20, 21, 23, 25, 27, 28, 29, 30, 31, 34, 35, 36, 37, 38, 39, 42, 43, 44, 45, 46, 47, 48, 49, 50, 51, 52, 54, 55, 56, 57, 59, 60, 62, 63, 64, 65, 69, 70, 71, 72, 73, 74, 76, 77, 78, 79, 80, 82, 83, 84, 85, 87, 88, 89, 91, 93, 95, 96, 97, 98, 99, 100, 101, 102, 103, 104, 106, 107, 108, 109, 110, 112, 113, 114, 115, 116, 118, 122, 123, 126, 127, 128, 129, 131, 132, 133, 134, 135, 136, 137, 141, 143, 145, 146, 149]","[8, 18, 22, 24, 26, 32, 33, 40, 41, 53, 58, 61, 66, 67, 68, 75, 81, 86, 90, 92, 94, 105, 111, 117, 119, 120, 121, 124, 125, 130, 138, 139, 140, 142, 144, 147, 148]"
78,"[1, 2, 3, 4, 6, 11, 12, 13, 14, 15, 16, 17, 18, 19, 22, 23, 25, 27, 28, 30, 32, 33, 34, 35, 36, 38, 41, 42, 43, 44, 46, 47, 48, 49, 50, 51, 52, 53, 54, 57, 58, 60, 62, 63, 64, 65, 66, 67, 68, 69, 70, 72, 73, 74, 75, 76, 77, 78, 79, 80, 81, 82, 83, 84, 85, 86, 87, 88, 89, 90, 91, 92, 93, 94, 96, 97, 98, 99, 100, 102, 103, 104, 106, 107, 108, 110, 111, 113, 114, 115, 116, 117, 119, 120, 121, 122, 124, 125, 127, 129, 131, 132, 133, 134, 137, 138, 139, 140, 141, 143, 146, 148, 149]","[0, 5, 7, 8, 9, 10, 20, 21, 24, 26, 29, 31, 37, 39, 40, 45, 55, 56, 59, 61, 71, 95, 101, 105, 109, 112, 118, 123, 126, 128, 130, 135, 136, 142, 144, 145, 147]"
79,"[0, 2, 4, 5, 6, 7, 8, 10, 11, 12, 14, 15, 16, 18, 19, 20, 21, 22, 25, 26, 27, 28, 30, 31, 32, 33, 36, 37, 39, 43, 44, 45, 47, 48, 49, 50, 51, 52, 53, 54, 55, 56, 57, 58, 59, 60, 61, 62, 63, 64, 65, 66, 68, 69, 70, 71, 73, 74, 75, 76, 78, 80, 81, 82, 83, 84, 85, 86, 87, 89, 92, 93, 95, 96, 99, 100, 101, 102, 103, 104, 106, 107, 109, 110, 112, 113, 114, 116, 117, 118, 120, 121, 123, 125, 126, 128, 129, 130, 131, 132, 133, 135, 136, 138, 139, 140, 141, 142, 144, 145, 146, 147, 149]","[1, 3, 9, 13, 17, 23, 24, 29, 34, 35, 38, 40, 41, 42, 46, 67, 72, 77, 79, 88, 90, 91, 94, 97, 98, 105, 108, 111, 115, 119, 122, 124, 127, 134, 137, 143, 148]"
80,"[1, 2, 3, 5, 6, 7, 8, 9, 10, 11, 13, 14, 15, 16, 17, 18, 19, 20, 21, 22, 24, 25, 27, 29, 30, 31, 33, 34, 35, 36, 37, 40, 41, 42, 45, 46, 47, 48, 49, 50, 51, 52, 53, 54, 57, 58, 59, 60, 61, 62, 63, 65, 67, 69, 70, 71, 72, 74, 75, 76, 77, 78, 79, 80, 81, 82, 83, 84, 87, 88, 89, 90, 93, 94, 95, 96, 98, 99, 100, 102, 104, 105, 107, 108, 109, 110, 112, 113, 114, 115, 116, 118, 119, 120, 121, 123, 124, 126, 127, 128, 130, 131, 132, 135, 136, 137, 139, 140, 141, 143, 144, 145, 147]","[0, 4, 12, 23, 26, 28, 32, 38, 39, 43, 44, 55, 56, 64, 66, 68, 73, 85, 86, 91, 92, 97, 101, 103, 106, 111, 117, 122, 125, 129, 133, 134, 138, 142, 146, 148, 149]"
81,"[1, 2, 3, 4, 5, 6, 7, 9, 10, 11, 15, 16, 17, 18, 19, 20, 21, 23, 24, 25, 26, 27, 28, 31, 32, 34, 35, 36, 38, 39, 40, 42, 43, 44, 45, 46, 48, 49, 51, 53, 54, 56, 57, 60, 61, 62, 63, 64, 65, 67, 68, 70, 71, 72, 73, 74, 76, 77, 78, 79, 80, 81, 82, 84, 85, 89, 90, 92, 93, 94, 95, 96, 97, 104, 105, 106, 107, 108, 109, 110, 112, 114, 115, 116, 117, 118, 119, 120, 122, 123, 125, 126, 127, 128, 129, 130, 131, 132, 133, 134, 135, 137, 138, 139, 140, 141, 142, 143, 144, 145, 146, 147, 149]","[0, 8, 12, 13, 14, 22, 29, 30, 33, 37, 41, 47, 50, 52, 55, 58, 59, 66, 69, 75, 83, 86, 87, 88, 91, 98, 99, 100, 101, 102, 103, 111, 113, 121, 124, 136, 148]"
82,"[0, 1, 2, 3, 4, 5, 6, 7, 9, 10, 11, 14, 15, 16, 18, 19, 20, 22, 23, 24, 25, 26, 27, 28, 29, 30, 31, 32, 35, 36, 37, 38, 40, 41, 42, 44, 45, 47, 48, 49, 50, 51, 52, 55, 56, 57, 58, 59, 60, 62, 65, 66, 67, 68, 69, 70, 71, 74, 75, 76, 77, 78, 81, 84, 86, 88, 89, 90, 91, 92, 93, 94, 96, 97, 98, 99, 100, 101, 102, 103, 104, 105, 106, 107, 108, 110, 113, 114, 115, 116, 118, 119, 124, 125, 127, 128, 129, 130, 131, 132, 133, 134, 135, 136, 137, 139, 140, 142, 143, 144, 145, 147, 148]","[8, 12, 13, 17, 21, 33, 34, 39, 43, 46, 53, 54, 61, 63, 64, 72, 73, 79, 80, 82, 83, 85, 87, 95, 109, 111, 112, 117, 120, 121, 122, 123, 126, 138, 141, 146, 149]"
83,"[1, 2, 3, 5, 9, 10, 11, 12, 13, 15, 16, 17, 18, 19, 20, 21, 22, 23, 24, 25, 26, 27, 28, 29, 31, 32, 33, 34, 35, 37, 38, 39, 40, 41, 43, 44, 46, 47, 48, 49, 50, 51, 53, 54, 55, 57, 58, 60, 62, 63, 64, 65, 66, 68, 70, 73, 74, 75, 76, 79, 80, 81, 82, 84, 86, 87, 88, 90, 92, 93, 94, 95, 96, 97, 98, 99, 101, 102, 104, 105, 106, 107, 109, 110, 111, 112, 113, 114, 116, 117, 119, 123, 124, 125, 126, 127, 130, 133, 134, 135, 136, 137, 138, 139, 140, 141, 142, 143, 144, 145, 146, 148, 149]","[0, 4, 6, 7, 8, 14, 30, 36, 42, 45, 52, 56, 59, 61, 67, 69, 71, 72, 77, 78, 83, 85, 89, 91, 100, 103, 108, 115, 118, 120, 121, 122, 128, 129, 131, 132, 147]"
84,"[0, 1, 2, 4, 5, 6, 7, 9, 10, 12, 13, 14, 15, 18, 19, 24, 25, 26, 27, 28, 29, 30, 31, 34, 35, 37, 38, 39, 40, 41, 42, 43, 44, 45, 46, 47, 48, 50, 51, 52, 54, 55, 56, 57, 58, 59, 60, 61, 63, 64, 65, 67, 68, 69, 71, 73, 74, 75, 76, 77, 78, 79, 80, 81, 84, 85, 86, 87, 89, 90, 91, 92, 93, 94, 95, 97, 98, 99, 101, 102, 103, 104, 105, 109, 110, 111, 112, 113, 114, 115, 117, 118, 120, 121, 122, 123, 124, 125, 126, 127, 129, 133, 134, 135, 136, 137, 138, 140, 141, 146, 147, 148, 149]","[3, 8, 11, 16, 17, 20, 21, 22, 23, 32, 33, 36, 49, 53, 62, 66, 70, 72, 82, 83, 88, 96, 100, 106, 107, 108, 116, 119, 128, 130, 131, 132, 139, 142, 143, 144, 145]"
85,"[0, 1, 2, 3, 4, 5, 6, 8, 9, 10, 12, 13, 14, 16, 17, 18, 20, 21, 22, 23, 24, 25, 26, 28, 29, 30, 31, 32, 33, 35, 36, 37, 38, 39, 40, 41, 43, 46, 47, 48, 49, 50, 51, 52, 53, 54, 55, 58, 59, 60, 61, 62, 63, 65, 67, 68, 69, 70, 71, 72, 73, 74, 75, 77, 78, 81, 82, 83, 84, 85, 86, 88, 89, 90, 91, 92, 93, 94, 95, 97, 98, 99, 100, 101, 102, 103, 106, 109, 111, 113, 115, 117, 118, 119, 121, 122, 124, 125, 126, 127, 131, 132, 133, 135, 136, 137, 139, 141, 144, 145, 146, 147, 149]","[7, 11, 15, 19, 27, 34, 42, 44, 45, 56, 57, 64, 66, 76, 79, 80, 87, 96, 104, 105, 107, 108, 110, 112, 114, 116, 120, 123, 128, 129, 130, 134, 138, 140, 142, 143, 148]"
86,"[0, 1, 2, 5, 6, 7, 8, 10, 11, 12, 13, 14, 15, 18, 19, 22, 24, 25, 27, 28, 29, 31, 33, 34, 35, 37, 38, 39, 40, 42, 43, 45, 46, 47, 48, 49, 50, 51, 52, 53, 54, 55, 56, 57, 58, 59, 62, 63, 64, 65, 66, 67, 68, 69, 70, 71, 72, 73, 74, 75, 78, 79, 80, 81, 82, 83, 85, 87, 88, 89, 90, 91, 92, 93, 94, 96, 100, 102, 103, 106, 110, 112, 113, 115, 116, 117, 118, 119, 120, 121, 122, 123, 124, 125, 126, 127, 130, 131, 132, 133, 134, 135, 136, 138, 139, 140, 141, 142, 144, 145, 147, 148, 149]","[3, 4, 9, 16, 17, 20, 21, 23, 26, 30, 32, 36, 41, 44, 60, 61, 76, 77, 84, 86, 95, 97, 98, 99, 101, 104, 105, 107, 108, 109, 111, 114, 128, 129, 137, 143, 146]"
87,"[0, 1, 2, 3, 6, 7, 8, 9, 11, 13, 14, 15, 16, 17, 18, 20, 21, 22, 23, 25, 27, 28, 29, 30, 31, 32, 33, 35, 36, 37, 38, 39, 40, 41, 42, 43, 44, 45, 46, 48, 49, 50, 51, 52, 53, 54, 55, 56, 57, 58, 59, 60, 62, 63, 64, 65, 66, 67, 68, 69, 70, 72, 73, 74, 75, 77, 78, 79, 80, 81, 82, 84, 87, 88, 90, 92, 94, 98, 99, 100, 101, 102, 103, 104, 108, 110, 112, 113, 114, 116, 117, 118, 119, 120, 121, 123, 125, 126, 127, 128, 130, 131, 132, 134, 135, 136, 139, 140, 141, 142, 146, 147, 149]","[4, 5, 10, 12, 19, 24, 26, 34, 47, 61, 71, 76, 83, 85, 86, 89, 91, 93, 95, 96, 97, 105, 106, 107, 109, 111, 115, 122, 124, 129, 133, 137, 138, 143, 144, 145, 148]"
88,"[0, 1, 3, 4, 5, 6, 7, 8, 9, 10, 11, 12, 14, 16, 17, 19, 20, 21, 22, 23, 24, 25, 26, 27, 30, 31, 32, 34, 35, 36, 40, 43, 44, 45, 47, 49, 50, 51, 52, 53, 54, 55, 56, 57, 59, 60, 62, 63, 64, 65, 66, 68, 73, 74, 75, 76, 77, 78, 79, 80, 81, 82, 85, 89, 90, 91, 92, 93, 94, 95, 96, 97, 98, 99, 100, 102, 103, 104, 105, 106, 107, 109, 110, 112, 114, 115, 116, 117, 118, 119, 120, 121, 123, 124, 125, 126, 127, 128, 129, 132, 133, 135, 136, 138, 139, 140, 142, 144, 145, 146, 147, 148, 149]","[2, 13, 15, 18, 28, 29, 33, 37, 38, 39, 41, 42, 46, 48, 58, 61, 67, 69, 70, 71, 72, 83, 84, 86, 87, 88, 101, 108, 111, 113, 122, 130, 131, 134, 137, 141, 143]"
89,"[2, 3, 4, 5, 6, 7, 11, 12, 14, 15, 16, 17, 18, 19, 20, 21, 24, 25, 26, 27, 28, 29, 30, 31, 32, 33, 34, 35, 36, 38, 39, 40, 41, 42, 43, 44, 45, 47, 49, 50, 51, 53, 54, 55, 56, 57, 58, 59, 62, 63, 64, 65, 68, 69, 70, 71, 72, 73, 74, 75, 76, 77, 78, 79, 80, 81, 83, 85, 86, 88, 90, 92, 93, 94, 95, 96, 97, 98, 99, 101, 102, 103, 104, 105, 106, 107, 108, 110, 112, 113, 114, 115, 116, 117, 118, 119, 120, 123, 124, 125, 127, 129, 130, 131, 134, 135, 136, 137, 140, 145, 146, 148, 149]","[0, 1, 8, 9, 10, 13, 22, 23, 37, 46, 48, 52, 60, 61, 66, 67, 82, 84, 87, 89, 91, 100, 109, 111, 121, 122, 126, 128, 132, 133, 138, 139, 141, 142, 143, 144, 147]"
90,"[0, 1, 2, 3, 4, 6, 8, 9, 10, 11, 12, 14, 15, 19, 20, 21, 22, 23, 24, 25, 26, 27, 28, 29, 30, 32, 33, 34, 35, 37, 39, 40, 41, 42, 43, 45, 46, 47, 48, 49, 50, 53, 54, 55, 56, 57, 58, 59, 60, 61, 63, 64, 65, 66, 67, 68, 70, 74, 75, 77, 79, 80, 81, 82, 83, 85, 87, 89, 90, 93, 94, 97, 98, 99, 100, 102, 104, 105, 106, 107, 108, 109, 110, 111, 112, 113, 114, 115, 116, 117, 118, 119, 121, 122, 123, 124, 125, 128, 129, 130, 131, 135, 136, 137, 138, 139, 140, 141, 142, 144, 145, 146, 149]","[5, 7, 13, 16, 17, 18, 31, 36, 38, 44, 51, 52, 62, 69, 71, 72, 73, 76, 78, 84, 86, 88, 91, 92, 95, 96, 101, 103, 120, 126, 127, 132, 133, 134, 143, 147, 148]"
91,"[0, 2, 4, 5, 6, 7, 8, 9, 11, 12, 14, 16, 18, 19, 20, 22, 23, 24, 26, 27, 28, 29, 31, 32, 33, 35, 36, 38, 39, 40, 42, 43, 44, 45, 46, 47, 48, 49, 50, 51, 52, 53, 55, 57, 58, 59, 60, 61, 62, 64, 66, 67, 69, 70, 71, 72, 73, 76, 77, 79, 80, 81, 83, 84, 85, 86, 90, 91, 92, 93, 94, 95, 96, 100, 101, 103, 104, 105, 106, 107, 108, 109, 111, 112, 114, 116, 117, 118, 119, 120, 121, 122, 123, 124, 126, 130, 131, 132, 133, 134, 135, 136, 137, 138, 140, 142, 143, 144, 145, 146, 147, 148, 149]","[1, 3, 10, 13, 15, 17, 21, 25, 30, 34, 37, 41, 54, 56, 63, 65, 68, 74, 75, 78, 82, 87, 88, 89, 97, 98, 99, 102, 110, 113, 115, 125, 127, 128, 129, 139, 141]"
92,"[0, 1, 2, 3, 5, 6, 7, 8, 9, 10, 11, 12, 14, 15, 16, 17, 18, 19, 21, 22, 24, 25, 26, 27, 28, 30, 31, 32, 33, 36, 37, 38, 39, 42, 43, 46, 47, 48, 51, 52, 53, 54, 55, 57, 58, 59, 61, 62, 63, 65, 67, 69, 70, 71, 72, 73, 74, 75, 76, 78, 79, 81, 82, 83, 84, 86, 87, 89, 91, 93, 94, 96, 98, 100, 102, 103, 104, 105, 106, 107, 108, 109, 110, 112, 113, 115, 116, 117, 118, 119, 120, 121, 123, 124, 125, 127, 128, 129, 131, 133, 134, 136, 137, 138, 139, 140, 141, 143, 144, 145, 146, 147, 148]","[4, 13, 20, 23, 29, 34, 35, 40, 41, 44, 45, 49, 50, 56, 60, 64, 66, 68, 77, 80, 85, 88, 90, 92, 95, 97, 99, 101, 111, 114, 122, 126, 130, 132, 135, 142, 149]"
93,"[0, 1, 3, 4, 6, 7, 8, 10, 12, 13, 14, 15, 16, 17, 18, 19, 20, 21, 22, 23, 24, 25, 26, 27, 31, 32, 34, 36, 37, 38, 39, 40, 41, 42, 43, 45, 46, 47, 48, 51, 52, 53, 54, 55, 56, 57, 58, 61, 65, 66, 67, 68, 69, 70, 71, 72, 73, 77, 78, 79, 81, 83, 84, 85, 89, 90, 91, 92, 94, 95, 96, 97, 99, 100, 101, 102, 103, 104, 105, 106, 107, 109, 110, 111, 113, 115, 116, 117, 118, 119, 120, 121, 122, 124, 125, 126, 127, 128, 129, 130, 131, 134, 135, 136, 137, 138, 139, 141, 143, 144, 145, 147, 149]","[2, 5, 9, 11, 28, 29, 30, 33, 35, 44, 49, 50, 59, 60, 62, 63, 64, 74, 75, 76, 80, 82, 86, 87, 88, 93, 98, 108, 112, 114, 123, 132, 133, 140, 142, 146, 148]"
94,"[0, 1, 2, 4, 9, 11, 14, 15, 17, 18, 19, 20, 22, 23, 24, 25, 26, 27, 28, 29, 30, 31, 32, 33, 34, 36, 37, 38, 40, 41, 43, 44, 45, 48, 49, 50, 51, 57, 58, 59, 60, 61, 62, 63, 66, 67, 68, 70, 71, 72, 73, 74, 75, 76, 77, 79, 80, 81, 82, 83, 84, 85, 86, 87, 88, 89, 90, 91, 92, 93, 94, 95, 96, 97, 98, 99, 100, 102, 103, 104, 106, 107, 109, 110, 111, 112, 113, 115, 116, 117, 120, 121, 122, 123, 124, 125, 126, 128, 129, 130, 131, 132, 133, 134, 135, 137, 139, 141, 142, 143, 144, 145, 146]","[3, 5, 6, 7, 8, 10, 12, 13, 16, 21, 35, 39, 42, 46, 47, 52, 53, 54, 55, 56, 64, 65, 69, 78, 101, 105, 108, 114, 118, 119, 127, 136, 138, 140, 147, 148, 149]"
95,"[0, 1, 2, 3, 5, 6, 7, 9, 10, 11, 12, 13, 14, 15, 16, 19, 20, 21, 23, 24, 25, 26, 27, 28, 29, 30, 31, 35, 36, 38, 39, 41, 42, 43, 44, 45, 46, 47, 48, 49, 50, 51, 52, 54, 55, 56, 57, 58, 59, 61, 62, 65, 68, 69, 70, 72, 73, 75, 76, 78, 79, 80, 81, 82, 83, 84, 85, 86, 87, 88, 89, 90, 91, 92, 93, 94, 95, 96, 97, 98, 100, 101, 102, 103, 106, 108, 109, 110, 111, 112, 114, 116, 117, 121, 122, 123, 125, 127, 128, 129, 130, 131, 134, 135, 137, 138, 140, 141, 145, 146, 147, 148, 149]","[4, 8, 17, 18, 22, 32, 33, 34, 37, 40, 53, 60, 63, 64, 66, 67, 71, 74, 77, 99, 104, 105, 107, 113, 115, 118, 119, 120, 124, 126, 132, 133, 136, 139, 142, 143, 144]"
96,"[0, 2, 3, 4, 5, 6, 7, 8, 9, 12, 13, 14, 15, 16, 17, 18, 20, 21, 24, 25, 26, 29, 30, 31, 33, 34, 35, 37, 39, 40, 44, 45, 46, 47, 48, 49, 50, 52, 53, 54, 55, 56, 57, 58, 60, 61, 62, 63, 64, 66, 67, 68, 69, 70, 71, 72, 73, 74, 75, 76, 77, 81, 82, 83, 85, 87, 88, 89, 90, 92, 94, 96, 97, 99, 100, 103, 107, 108, 109, 110, 111, 112, 113, 114, 115, 116, 117, 118, 119, 120, 121, 123, 126, 127, 128, 129, 130, 131, 132, 134, 135, 136, 137, 138, 139, 140, 142, 144, 145, 146, 147, 148, 149]","[1, 10, 11, 19, 22, 23, 27, 28, 32, 36, 38, 41, 42, 43, 51, 59, 65, 78, 79, 80, 84, 86, 91, 93, 95, 98, 101, 102, 104, 105, 106, 122, 124, 125, 133, 141, 143]"
97,"[0, 1, 2, 3, 4, 5, 6, 7, 8, 10, 12, 13, 15, 16, 18, 19, 20, 21, 22, 23, 24, 25, 26, 27, 28, 29, 31, 32, 33, 35, 36, 37, 38, 40, 43, 45, 46, 48, 49, 50, 52, 54, 56, 59, 62, 63, 64, 65, 67, 68, 69, 70, 71, 72, 73, 76, 77, 78, 79, 80, 82, 83, 84, 85, 87, 88, 89, 90, 91, 93, 94, 96, 97, 98, 100, 101, 102, 103, 104, 105, 106, 108, 109, 110, 111, 112, 114, 115, 116, 117, 118, 119, 122, 123, 124, 125, 127, 129, 130, 133, 134, 135, 136, 137, 138, 139, 140, 141, 143, 144, 145, 147, 149]","[9, 11, 14, 17, 30, 34, 39, 41, 42, 44, 47, 51, 53, 55, 57, 58, 60, 61, 66, 74, 75, 81, 86, 92, 95, 99, 107, 113, 120, 121, 126, 128, 131, 132, 142, 146, 148]"
98,"[0, 2, 3, 4, 6, 9, 10, 16, 18, 21, 22, 23, 24, 25, 26, 27, 29, 30, 31, 32, 34, 35, 36, 37, 38, 39, 41, 42, 43, 44, 45, 46, 47, 49, 50, 53, 55, 56, 57, 58, 59, 60, 62, 63, 66, 67, 68, 70, 71, 72, 73, 75, 76, 77, 78, 79, 80, 82, 83, 84, 85, 86, 87, 88, 89, 90, 91, 92, 94, 95, 96, 98, 99, 101, 102, 103, 107, 108, 109, 110, 111, 112, 114, 115, 116, 117, 118, 119, 120, 121, 122, 124, 125, 126, 127, 128, 129, 130, 131, 132, 133, 134, 135, 136, 137, 138, 140, 143, 144, 145, 147, 148, 149]","[1, 5, 7, 8, 11, 12, 13, 14, 15, 17, 19, 20, 28, 33, 40, 48, 51, 52, 54, 61, 64, 65, 69, 74, 81, 93, 97, 100, 104, 105, 106, 113, 123, 139, 141, 142, 146]"
99,"[1, 2, 5, 7, 8, 10, 14, 15, 17, 18, 19, 20, 21, 22, 23, 24, 25, 26, 28, 29, 31, 32, 33, 34, 35, 36, 37, 39, 40, 41, 43, 48, 49, 51, 52, 53, 54, 56, 57, 59, 60, 61, 62, 63, 65, 66, 67, 68, 69, 70, 72, 74, 75, 76, 77, 78, 79, 80, 82, 83, 84, 85, 86, 88, 90, 91, 92, 93, 94, 96, 97, 98, 99, 100, 101, 102, 104, 105, 106, 107, 108, 109, 110, 112, 113, 114, 115, 116, 117, 119, 120, 122, 125, 126, 127, 128, 129, 130, 131, 132, 133, 134, 135, 137, 139, 140, 141, 142, 145, 146, 147, 148, 149]","[0, 3, 4, 6, 9, 11, 12, 13, 16, 27, 30, 38, 42, 44, 45, 46, 47, 50, 55, 58, 64, 71, 73, 81, 87, 89, 95, 103, 111, 118, 121, 123, 124, 136, 138, 143, 144]"
100,"[0, 2, 3, 4, 5, 6, 7, 8, 10, 11, 12, 13, 14, 15, 18, 19, 20, 21, 22, 24, 25, 26, 27, 29, 30, 31, 32, 33, 36, 37, 39, 40, 41, 42, 43, 44, 46, 47, 50, 53, 54, 55, 56, 58, 59, 60, 61, 63, 64, 65, 66, 68, 69, 70, 72, 73, 75, 79, 80, 82, 83, 84, 85, 86, 87, 88, 89, 90, 91, 92, 93, 94, 96, 98, 99, 100, 101, 103, 104, 105, 108, 110, 111, 112, 113, 114, 115, 116, 120, 121, 122, 123, 124, 125, 127, 128, 129, 130, 131, 132, 133, 136, 137, 139, 140, 141, 142, 143, 145, 146, 147, 148, 149]","[1, 9, 16, 17, 23, 28, 34, 35, 38, 45, 48, 49, 51, 52, 57, 62, 67, 71, 74, 76, 77, 78, 81, 95, 97, 102, 106, 107, 109, 117, 118, 119, 126, 134, 135, 138, 144]"
